forecast_timestamp,scenario,strategy,forecast_load_kw,grid_import_kw,charge_kw,discharge_kw,battery_energy_kwh,soc,tariff_period,energy_price,interval_energy_cost
2015-01-01 00:15:00,p10,no_storage,93.19276933161744,93.19276933161744,0.0,0.0,250.0,0.5,off_peak,0.6,13.978915399742617
2015-01-01 00:15:00,p10,rule_based,93.19276933161744,193.19276933161748,100.00000000000004,0.0,273.71708245126285,0.5474341649025257,off_peak,0.6,28.978915399742622
2015-01-01 00:15:00,p10,optimized,93.19276933161744,93.19276933161744,0.0,0.0,250.0,0.5,off_peak,0.6,13.978915399742617
2015-01-01 00:15:00,p50,no_storage,99.69677459988053,99.69677459988053,0.0,0.0,250.0,0.5,off_peak,0.6,14.954516189982078
2015-01-01 00:15:00,p50,rule_based,99.69677459988053,199.69677459988057,100.00000000000004,0.0,273.71708245126285,0.5474341649025257,off_peak,0.6,29.954516189982083
2015-01-01 00:15:00,p50,optimized,99.69677459988053,99.69677459988053,0.0,0.0,250.0,0.5,off_peak,0.6,14.954516189982078
2015-01-01 00:15:00,p90,no_storage,107.2545230441771,107.2545230441771,0.0,0.0,250.0,0.5,off_peak,0.6,16.088178456626565
2015-01-01 00:15:00,p90,rule_based,107.2545230441771,207.25452304417715,100.00000000000004,0.0,273.71708245126285,0.5474341649025257,off_peak,0.6,31.088178456626572
2015-01-01 00:15:00,p90,optimized,107.2545230441771,107.2545230441771,0.0,0.0,250.0,0.5,off_peak,0.6,16.088178456626565
2015-01-01 00:30:00,p10,no_storage,94.0288975064712,94.0288975064712,0.0,0.0,250.0,0.5,off_peak,0.6,14.10433462597068
2015-01-01 00:30:00,p10,rule_based,94.0288975064712,194.02889750647125,100.00000000000004,0.0,297.4341649025257,0.5948683298050514,off_peak,0.6,29.104334625970687
2015-01-01 00:30:00,p10,optimized,94.0288975064712,94.0288975064712,0.0,0.0,250.0,0.5,off_peak,0.6,14.10433462597068
2015-01-01 00:30:00,p50,no_storage,99.47539784474876,99.47539784474876,0.0,0.0,250.0,0.5,off_peak,0.6,14.921309676712312
2015-01-01 00:30:00,p50,rule_based,99.47539784474876,199.47539784474878,100.00000000000004,0.0,297.4341649025257,0.5948683298050514,off_peak,0.6,29.921309676712315
2015-01-01 00:30:00,p50,optimized,99.47539784474876,99.47539784474876,0.0,0.0,250.0,0.5,off_peak,0.6,14.921309676712312
2015-01-01 00:30:00,p90,no_storage,108.2392583281311,108.2392583281311,0.0,0.0,250.0,0.5,off_peak,0.6,16.235888749219665
2015-01-01 00:30:00,p90,rule_based,108.2392583281311,208.23925832813114,100.00000000000004,0.0,297.4341649025257,0.5948683298050514,off_peak,0.6,31.23588874921967
2015-01-01 00:30:00,p90,optimized,108.2392583281311,108.2392583281311,0.0,0.0,250.0,0.5,off_peak,0.6,16.235888749219665
2015-01-01 00:45:00,p10,no_storage,95.7886771201242,95.7886771201242,0.0,0.0,250.0,0.5,off_peak,0.6,14.36830156801863
2015-01-01 00:45:00,p10,rule_based,95.7886771201242,195.78867712012425,100.00000000000004,0.0,321.15124735378856,0.6423024947075772,off_peak,0.6,29.368301568018637
2015-01-01 00:45:00,p10,optimized,95.7886771201242,95.7886771201242,0.0,0.0,250.0,0.5,off_peak,0.6,14.36830156801863
2015-01-01 00:45:00,p50,no_storage,99.68421771732706,99.68421771732706,0.0,0.0,250.0,0.5,off_peak,0.6,14.952632657599057
2015-01-01 00:45:00,p50,rule_based,99.68421771732706,199.6842177173271,100.00000000000004,0.0,321.15124735378856,0.6423024947075772,off_peak,0.6,29.952632657599064
2015-01-01 00:45:00,p50,optimized,99.68421771732706,99.68421771732706,0.0,0.0,250.0,0.5,off_peak,0.6,14.952632657599057
2015-01-01 00:45:00,p90,no_storage,108.89584620179922,108.89584620179922,0.0,0.0,250.0,0.5,off_peak,0.6,16.334376930269883
2015-01-01 00:45:00,p90,rule_based,108.89584620179922,208.89584620179926,100.00000000000004,0.0,321.15124735378856,0.6423024947075772,off_peak,0.6,31.334376930269887
2015-01-01 00:45:00,p90,optimized,108.89584620179922,108.89584620179922,0.0,0.0,250.0,0.5,off_peak,0.6,16.334376930269883
2015-01-01 01:00:00,p10,no_storage,92.50767828038408,92.50767828038408,0.0,0.0,250.0,0.5,off_peak,0.6,13.876151742057612
2015-01-01 01:00:00,p10,rule_based,92.50767828038408,192.50767828038414,100.00000000000004,0.0,344.8683298050514,0.6897366596101029,off_peak,0.6,28.87615174205762
2015-01-01 01:00:00,p10,optimized,92.50767828038408,92.50767828038408,0.0,0.0,250.0,0.5,off_peak,0.6,13.876151742057612
2015-01-01 01:00:00,p50,no_storage,94.69181617090835,94.69181617090835,0.0,0.0,250.0,0.5,off_peak,0.6,14.203772425636252
2015-01-01 01:00:00,p50,rule_based,94.69181617090835,194.6918161709084,100.00000000000004,0.0,344.8683298050514,0.6897366596101029,off_peak,0.6,29.20377242563626
2015-01-01 01:00:00,p50,optimized,94.69181617090835,94.69181617090835,0.0,0.0,250.0,0.5,off_peak,0.6,14.203772425636252
2015-01-01 01:00:00,p90,no_storage,107.95228288026344,107.95228288026344,0.0,0.0,250.0,0.5,off_peak,0.6,16.192842432039516
2015-01-01 01:00:00,p90,rule_based,107.95228288026344,207.95228288026348,100.00000000000004,0.0,344.8683298050514,0.6897366596101029,off_peak,0.6,31.19284243203952
2015-01-01 01:00:00,p90,optimized,107.95228288026344,107.95228288026344,0.0,0.0,250.0,0.5,off_peak,0.6,16.192842432039516
2015-01-01 01:15:00,p10,no_storage,91.5682096171221,91.5682096171221,0.0,0.0,250.0,0.5,off_peak,0.6,13.735231442568313
2015-01-01 01:15:00,p10,rule_based,91.5682096171221,191.56820961712214,100.00000000000004,0.0,368.58541225631427,0.7371708245126285,off_peak,0.6,28.73523144256832
2015-01-01 01:15:00,p10,optimized,91.5682096171221,91.5682096171221,0.0,0.0,250.0,0.5,off_peak,0.6,13.735231442568313
2015-01-01 01:15:00,p50,no_storage,98.21697074557352,98.21697074557352,0.0,0.0,250.0,0.5,off_peak,0.6,14.732545611836027
2015-01-01 01:15:00,p50,rule_based,98.21697074557352,198.21697074557358,100.00000000000004,0.0,368.58541225631427,0.7371708245126285,off_peak,0.6,29.732545611836034
2015-01-01 01:15:00,p50,optimized,98.21697074557352,98.21697074557352,0.0,0.0,250.0,0.5,off_peak,0.6,14.732545611836027
2015-01-01 01:15:00,p90,no_storage,108.20970746007708,108.20970746007708,0.0,0.0,250.0,0.5,off_peak,0.6,16.23145611901156
2015-01-01 01:15:00,p90,rule_based,108.20970746007708,208.20970746007714,100.00000000000004,0.0,368.58541225631427,0.7371708245126285,off_peak,0.6,31.23145611901157
2015-01-01 01:15:00,p90,optimized,108.20970746007708,108.20970746007708,0.0,0.0,250.0,0.5,off_peak,0.6,16.23145611901156
2015-01-01 01:30:00,p10,no_storage,88.64826634971075,88.64826634971075,0.0,0.0,250.0,0.5,off_peak,0.6,13.297239952456612
2015-01-01 01:30:00,p10,rule_based,88.64826634971075,188.6482663497108,100.00000000000004,0.0,392.3024947075771,0.7846049894151542,off_peak,0.6,28.29723995245662
2015-01-01 01:30:00,p10,optimized,88.64826634971075,88.64826634971075,0.0,0.0,250.0,0.5,off_peak,0.6,13.297239952456612
2015-01-01 01:30:00,p50,no_storage,95.37201825650372,95.37201825650372,0.0,0.0,250.0,0.5,off_peak,0.6,14.305802738475558
2015-01-01 01:30:00,p50,rule_based,95.37201825650372,195.37201825650376,100.00000000000004,0.0,392.3024947075771,0.7846049894151542,off_peak,0.6,29.305802738475563
2015-01-01 01:30:00,p50,optimized,95.37201825650372,95.37201825650372,0.0,0.0,250.0,0.5,off_peak,0.6,14.305802738475558
2015-01-01 01:30:00,p90,no_storage,108.44017181501177,108.44017181501177,0.0,0.0,250.0,0.5,off_peak,0.6,16.266025772251766
2015-01-01 01:30:00,p90,rule_based,108.44017181501177,208.4401718150118,100.00000000000004,0.0,392.3024947075771,0.7846049894151542,off_peak,0.6,31.26602577225177
2015-01-01 01:30:00,p90,optimized,108.44017181501177,108.44017181501177,0.0,0.0,250.0,0.5,off_peak,0.6,16.266025772251766
2015-01-01 01:45:00,p10,no_storage,86.68735704755498,86.68735704755498,0.0,0.0,250.0,0.5,off_peak,0.6,13.003103557133247
2015-01-01 01:45:00,p10,rule_based,86.68735704755498,186.68735704755503,100.00000000000004,0.0,416.01957715884,0.8320391543176799,off_peak,0.6,28.003103557133254
2015-01-01 01:45:00,p10,optimized,86.68735704755498,86.68735704755498,0.0,0.0,250.0,0.5,off_peak,0.6,13.003103557133247
2015-01-01 01:45:00,p50,no_storage,94.80241149971584,94.80241149971584,0.0,0.0,250.0,0.5,off_peak,0.6,14.220361724957376
2015-01-01 01:45:00,p50,rule_based,94.80241149971584,194.8024114997159,100.00000000000004,0.0,416.01957715884,0.8320391543176799,off_peak,0.6,29.220361724957385
2015-01-01 01:45:00,p50,optimized,94.80241149971584,94.80241149971584,0.0,0.0,250.0,0.5,off_peak,0.6,14.220361724957376
2015-01-01 01:45:00,p90,no_storage,109.5341806302177,109.5341806302177,0.0,0.0,250.0,0.5,off_peak,0.6,16.430127094532654
2015-01-01 01:45:00,p90,rule_based,109.5341806302177,209.53418063021775,100.00000000000004,0.0,416.01957715884,0.8320391543176799,off_peak,0.6,31.43012709453266
2015-01-01 01:45:00,p90,optimized,109.5341806302177,109.5341806302177,0.0,0.0,250.0,0.5,off_peak,0.6,16.430127094532654
2015-01-01 02:00:00,p10,no_storage,88.48193770100481,88.48193770100481,0.0,0.0,250.0,0.5,off_peak,0.6,13.272290655150721
2015-01-01 02:00:00,p10,rule_based,88.48193770100481,188.48193770100485,100.00000000000004,0.0,439.73665961010283,0.8794733192202057,off_peak,0.6,28.272290655150726
2015-01-01 02:00:00,p10,optimized,88.48193770100481,88.48193770100481,0.0,0.0,250.0,0.5,off_peak,0.6,13.272290655150721
2015-01-01 02:00:00,p50,no_storage,94.06693597402328,94.06693597402328,0.0,0.0,250.0,0.5,off_peak,0.6,14.110040396103491
2015-01-01 02:00:00,p50,rule_based,94.06693597402328,194.06693597402332,100.00000000000004,0.0,439.73665961010283,0.8794733192202057,off_peak,0.6,29.110040396103496
2015-01-01 02:00:00,p50,optimized,94.06693597402328,94.06693597402328,0.0,0.0,250.0,0.5,off_peak,0.6,14.110040396103491
2015-01-01 02:00:00,p90,no_storage,107.97447229186923,107.97447229186923,0.0,0.0,250.0,0.5,off_peak,0.6,16.196170843780383
2015-01-01 02:00:00,p90,rule_based,107.97447229186923,207.9744722918693,100.00000000000004,0.0,439.73665961010283,0.8794733192202057,off_peak,0.6,31.196170843780394
2015-01-01 02:00:00,p90,optimized,107.97447229186923,107.97447229186923,0.0,0.0,250.0,0.5,off_peak,0.6,16.196170843780383
2015-01-01 02:15:00,p10,no_storage,85.64255398679073,85.64255398679073,0.0,0.0,250.0,0.5,off_peak,0.6,12.84638309801861
2015-01-01 02:15:00,p10,rule_based,85.64255398679073,128.91659669835823,43.27404271156751,0.0,450.0,0.9,off_peak,0.6,19.337489504753734
2015-01-01 02:15:00,p10,optimized,85.64255398679073,90.77597565414911,5.13342166735838,0.0,251.21749784941838,0.5024349956988368,off_peak,0.6,13.616396348122366
2015-01-01 02:15:00,p50,no_storage,99.45253320615592,99.45253320615592,0.0,0.0,250.0,0.5,off_peak,0.6,14.917879980923388
2015-01-01 02:15:00,p50,rule_based,99.45253320615592,142.72657591772344,43.27404271156751,0.0,450.0,0.9,off_peak,0.6,21.408986387658516
2015-01-01 02:15:00,p50,optimized,99.45253320615592,99.45253320615592,0.0,0.0,250.0,0.5,off_peak,0.6,14.917879980923388
2015-01-01 02:15:00,p90,no_storage,112.82923807202384,112.82923807202384,0.0,0.0,250.0,0.5,off_peak,0.6,16.924385710803577
2015-01-01 02:15:00,p90,rule_based,112.82923807202384,156.10328078359134,43.27404271156751,0.0,450.0,0.9,off_peak,0.6,23.4154921175387
2015-01-01 02:15:00,p90,optimized,112.82923807202384,112.82923807202384,0.0,0.0,250.0,0.5,off_peak,0.6,16.924385710803577
2015-01-01 02:30:00,p10,no_storage,90.15324030728203,90.15324030728203,0.0,0.0,250.0,0.5,off_peak,0.6,13.522986046092305
2015-01-01 02:30:00,p10,rule_based,90.15324030728203,90.15324030728203,0.0,0.0,450.0,0.9,off_peak,0.6,13.522986046092305
2015-01-01 02:30:00,p10,optimized,90.15324030728203,90.15324030728203,0.0,0.0,251.21749784941838,0.5024349956988368,off_peak,0.6,13.522986046092305
2015-01-01 02:30:00,p50,no_storage,91.18017368294598,91.18017368294598,0.0,0.0,250.0,0.5,off_peak,0.6,13.677026052441896
2015-01-01 02:30:00,p50,rule_based,91.18017368294598,91.18017368294598,0.0,0.0,450.0,0.9,off_peak,0.6,13.677026052441896
2015-01-01 02:30:00,p50,optimized,91.18017368294598,91.18017368294598,0.0,0.0,250.0,0.5,off_peak,0.6,13.677026052441896
2015-01-01 02:30:00,p90,no_storage,109.64312384917837,109.64312384917837,0.0,0.0,250.0,0.5,off_peak,0.6,16.446468577376756
2015-01-01 02:30:00,p90,rule_based,109.64312384917837,109.64312384917837,0.0,0.0,450.0,0.9,off_peak,0.6,16.446468577376756
2015-01-01 02:30:00,p90,optimized,109.64312384917837,109.64312384917837,0.0,0.0,250.0,0.5,off_peak,0.6,16.446468577376756
2015-01-01 02:45:00,p10,no_storage,83.45783221843064,83.45783221843064,0.0,0.0,250.0,0.5,off_peak,0.6,12.518674832764596
2015-01-01 02:45:00,p10,rule_based,83.45783221843064,83.45783221843064,0.0,0.0,450.0,0.9,off_peak,0.6,12.518674832764596
2015-01-01 02:45:00,p10,optimized,83.45783221843064,83.45783221843064,0.0,0.0,251.21749784941838,0.5024349956988368,off_peak,0.6,12.518674832764596
2015-01-01 02:45:00,p50,no_storage,94.713484502299,94.713484502299,0.0,0.0,250.0,0.5,off_peak,0.6,14.207022675344849
2015-01-01 02:45:00,p50,rule_based,94.713484502299,94.713484502299,0.0,0.0,450.0,0.9,off_peak,0.6,14.207022675344849
2015-01-01 02:45:00,p50,optimized,94.713484502299,94.713484502299,0.0,0.0,250.0,0.5,off_peak,0.6,14.207022675344849
2015-01-01 02:45:00,p90,no_storage,106.25269923922352,106.25269923922352,0.0,0.0,250.0,0.5,off_peak,0.6,15.937904885883526
2015-01-01 02:45:00,p90,rule_based,106.25269923922352,106.25269923922352,0.0,0.0,450.0,0.9,off_peak,0.6,15.937904885883526
2015-01-01 02:45:00,p90,optimized,106.25269923922352,106.25269923922352,0.0,0.0,250.0,0.5,off_peak,0.6,15.937904885883526
2015-01-01 03:00:00,p10,no_storage,88.90606655233813,88.90606655233813,0.0,0.0,250.0,0.5,off_peak,0.6,13.335909982850719
2015-01-01 03:00:00,p10,rule_based,88.90606655233813,88.90606655233813,0.0,0.0,450.0,0.9,off_peak,0.6,13.335909982850719
2015-01-01 03:00:00,p10,optimized,88.90606655233813,122.215087759652,33.30902120731386,0.0,259.1174258728656,0.5182348517457313,off_peak,0.6,18.332263163947797
2015-01-01 03:00:00,p50,no_storage,90.61389190752072,90.61389190752072,0.0,0.0,250.0,0.5,off_peak,0.6,13.592083786128109
2015-01-01 03:00:00,p50,rule_based,90.61389190752072,90.61389190752072,0.0,0.0,450.0,0.9,off_peak,0.6,13.592083786128109
2015-01-01 03:00:00,p50,optimized,90.61389190752072,90.61389190752072,0.0,0.0,250.0,0.5,off_peak,0.6,13.592083786128109
2015-01-01 03:00:00,p90,no_storage,110.28460650621292,110.28460650621292,0.0,0.0,250.0,0.5,off_peak,0.6,16.542690975931936
2015-01-01 03:00:00,p90,rule_based,110.28460650621292,110.28460650621292,0.0,0.0,450.0,0.9,off_peak,0.6,16.542690975931936
2015-01-01 03:00:00,p90,optimized,110.28460650621292,110.28460650621292,0.0,0.0,250.0,0.5,off_peak,0.6,16.542690975931936
2015-01-01 03:15:00,p10,no_storage,79.47128356574493,79.47128356574493,0.0,0.0,250.0,0.5,off_peak,0.6,11.920692534861738
2015-01-01 03:15:00,p10,rule_based,79.47128356574493,79.47128356574493,0.0,0.0,450.0,0.9,off_peak,0.6,11.920692534861738
2015-01-01 03:15:00,p10,optimized,79.47128356574493,122.215087759652,42.74380419390707,0.0,269.2550091563409,0.5385100183126819,off_peak,0.6,18.332263163947797
2015-01-01 03:15:00,p50,no_storage,87.34305270204447,87.34305270204447,0.0,0.0,250.0,0.5,off_peak,0.6,13.10145790530667
2015-01-01 03:15:00,p50,rule_based,87.34305270204447,87.34305270204447,0.0,0.0,450.0,0.9,off_peak,0.6,13.10145790530667
2015-01-01 03:15:00,p50,optimized,87.34305270204447,87.34305270204447,0.0,0.0,250.0,0.5,off_peak,0.6,13.10145790530667
2015-01-01 03:15:00,p90,no_storage,112.0294303371334,112.0294303371334,0.0,0.0,250.0,0.5,off_peak,0.6,16.80441455057001
2015-01-01 03:15:00,p90,rule_based,112.0294303371334,112.0294303371334,0.0,0.0,450.0,0.9,off_peak,0.6,16.80441455057001
2015-01-01 03:15:00,p90,optimized,112.0294303371334,112.0294303371334,0.0,0.0,250.0,0.5,off_peak,0.6,16.80441455057001
2015-01-01 03:30:00,p10,no_storage,83.29796532786135,83.29796532786135,0.0,0.0,250.0,0.5,off_peak,0.6,12.494694799179202
2015-01-01 03:30:00,p10,rule_based,83.29796532786135,83.29796532786135,0.0,0.0,450.0,0.9,off_peak,0.6,12.494694799179202
2015-01-01 03:30:00,p10,optimized,83.29796532786135,122.215087759652,38.917122431790645,0.0,278.4850151711476,0.5569700303422952,off_peak,0.6,18.332263163947797
2015-01-01 03:30:00,p50,no_storage,87.49077325391131,87.49077325391131,0.0,0.0,250.0,0.5,off_peak,0.6,13.123615988086696
2015-01-01 03:30:00,p50,rule_based,87.49077325391131,87.49077325391131,0.0,0.0,450.0,0.9,off_peak,0.6,13.123615988086696
2015-01-01 03:30:00,p50,optimized,87.49077325391131,87.49077325391131,0.0,0.0,250.0,0.5,off_peak,0.6,13.123615988086696
2015-01-01 03:30:00,p90,no_storage,112.23781563777942,112.23781563777942,0.0,0.0,250.0,0.5,off_peak,0.6,16.83567234566691
2015-01-01 03:30:00,p90,rule_based,112.23781563777942,112.23781563777942,0.0,0.0,450.0,0.9,off_peak,0.6,16.83567234566691
2015-01-01 03:30:00,p90,optimized,112.23781563777942,112.23781563777942,0.0,0.0,250.0,0.5,off_peak,0.6,16.83567234566691
2015-01-01 03:45:00,p10,no_storage,69.8852371906265,69.8852371906265,0.0,0.0,250.0,0.5,off_peak,0.6,10.482785578593974
2015-01-01 03:45:00,p10,rule_based,69.8852371906265,69.8852371906265,0.0,0.0,450.0,0.9,off_peak,0.6,10.482785578593974
2015-01-01 03:45:00,p10,optimized,69.8852371906265,122.215087759652,52.329850569025496,0.0,290.896128977226,0.581792257954452,off_peak,0.6,18.332263163947797
2015-01-01 03:45:00,p50,no_storage,93.28714120724226,93.28714120724226,0.0,0.0,250.0,0.5,off_peak,0.6,13.993071181086338
2015-01-01 03:45:00,p50,rule_based,93.28714120724226,93.28714120724226,0.0,0.0,450.0,0.9,off_peak,0.6,13.993071181086338
2015-01-01 03:45:00,p50,optimized,93.28714120724226,93.28714120724226,0.0,0.0,250.0,0.5,off_peak,0.6,13.993071181086338
2015-01-01 03:45:00,p90,no_storage,111.1360521041978,111.1360521041978,0.0,0.0,250.0,0.5,off_peak,0.6,16.67040781562967
2015-01-01 03:45:00,p90,rule_based,111.1360521041978,111.1360521041978,0.0,0.0,450.0,0.9,off_peak,0.6,16.67040781562967
2015-01-01 03:45:00,p90,optimized,111.1360521041978,111.1360521041978,0.0,0.0,250.0,0.5,off_peak,0.6,16.67040781562967
2015-01-01 04:00:00,p10,no_storage,74.99744808311704,74.99744808311704,0.0,0.0,250.0,0.5,off_peak,0.6,11.249617212467555
2015-01-01 04:00:00,p10,rule_based,74.99744808311704,74.99744808311704,0.0,0.0,450.0,0.9,off_peak,0.6,11.249617212467555
2015-01-01 04:00:00,p10,optimized,74.99744808311704,122.215087759652,47.21763967653496,0.0,302.09477551085,0.6041895510217,off_peak,0.6,18.332263163947797
2015-01-01 04:00:00,p50,no_storage,92.1423811375338,92.1423811375338,0.0,0.0,250.0,0.5,off_peak,0.6,13.82135717063007
2015-01-01 04:00:00,p50,rule_based,92.1423811375338,92.1423811375338,0.0,0.0,450.0,0.9,off_peak,0.6,13.82135717063007
2015-01-01 04:00:00,p50,optimized,92.1423811375338,92.1423811375338,0.0,0.0,250.0,0.5,off_peak,0.6,13.82135717063007
2015-01-01 04:00:00,p90,no_storage,113.34102645376171,113.34102645376171,0.0,0.0,250.0,0.5,off_peak,0.6,17.001153968064255
2015-01-01 04:00:00,p90,rule_based,113.34102645376171,113.34102645376171,0.0,0.0,450.0,0.9,off_peak,0.6,17.001153968064255
2015-01-01 04:00:00,p90,optimized,113.34102645376171,113.34102645376171,0.0,0.0,250.0,0.5,off_peak,0.6,17.001153968064255
2015-01-01 04:15:00,p10,no_storage,74.97102331253865,74.97102331253865,0.0,0.0,250.0,0.5,off_peak,0.6,11.245653496880797
2015-01-01 04:15:00,p10,rule_based,74.97102331253865,74.97102331253865,0.0,0.0,450.0,0.9,off_peak,0.6,11.245653496880797
2015-01-01 04:15:00,p10,optimized,74.97102331253865,122.215087759652,47.244064447113345,0.0,313.2996892290996,0.6265993784581992,off_peak,0.6,18.332263163947797
2015-01-01 04:15:00,p50,no_storage,84.36825077578725,84.36825077578725,0.0,0.0,250.0,0.5,off_peak,0.6,12.655237616368087
2015-01-01 04:15:00,p50,rule_based,84.36825077578725,84.36825077578725,0.0,0.0,450.0,0.9,off_peak,0.6,12.655237616368087
2015-01-01 04:15:00,p50,optimized,84.36825077578725,84.36825077578725,0.0,0.0,250.0,0.5,off_peak,0.6,12.655237616368087
2015-01-01 04:15:00,p90,no_storage,115.53965077773256,115.53965077773256,0.0,0.0,250.0,0.5,off_peak,0.6,17.330947616659884
2015-01-01 04:15:00,p90,rule_based,115.53965077773256,115.53965077773256,0.0,0.0,450.0,0.9,off_peak,0.6,17.330947616659884
2015-01-01 04:15:00,p90,optimized,115.53965077773256,115.53965077773256,0.0,0.0,250.0,0.5,off_peak,0.6,17.330947616659884
2015-01-01 04:30:00,p10,no_storage,76.83736353955659,76.83736353955659,0.0,0.0,250.0,0.5,off_peak,0.6,11.525604530933489
2015-01-01 04:30:00,p10,rule_based,76.83736353955659,76.83736353955659,0.0,0.0,450.0,0.9,off_peak,0.6,11.525604530933489
2015-01-01 04:30:00,p10,optimized,76.83736353955659,122.215087759652,45.3777242200954,0.0,324.0619614968863,0.6481239229937725,off_peak,0.6,18.332263163947797
2015-01-01 04:30:00,p50,no_storage,94.52846686558932,94.52846686558932,0.0,0.0,250.0,0.5,off_peak,0.6,14.179270029838397
2015-01-01 04:30:00,p50,rule_based,94.52846686558932,94.52846686558932,0.0,0.0,450.0,0.9,off_peak,0.6,14.179270029838397
2015-01-01 04:30:00,p50,optimized,94.52846686558932,137.80250957715683,43.27404271156751,0.0,260.26334038989717,0.5205266807797944,off_peak,0.6,20.670376436573523
2015-01-01 04:30:00,p90,no_storage,117.2323601214582,117.2323601214582,0.0,0.0,250.0,0.5,off_peak,0.6,17.584854018218728
2015-01-01 04:30:00,p90,rule_based,117.2323601214582,117.2323601214582,0.0,0.0,450.0,0.9,off_peak,0.6,17.584854018218728
2015-01-01 04:30:00,p90,optimized,117.2323601214582,132.82562597670264,15.593265855244438,0.0,253.69826771973294,0.5073965354394658,off_peak,0.6,19.923843896505396
2015-01-01 04:45:00,p10,no_storage,69.8015493526081,69.8015493526081,0.0,0.0,250.0,0.5,off_peak,0.6,10.470232402891215
2015-01-01 04:45:00,p10,rule_based,69.8015493526081,69.8015493526081,0.0,0.0,450.0,0.9,off_peak,0.6,10.470232402891215
2015-01-01 04:45:00,p10,optimized,69.8015493526081,122.215087759652,52.41353840704389,0.0,336.4929236165092,0.6729858472330184,off_peak,0.6,18.332263163947797
2015-01-01 04:45:00,p50,no_storage,82.9361717319104,82.9361717319104,0.0,0.0,250.0,0.5,off_peak,0.6,12.44042575978656
2015-01-01 04:45:00,p50,rule_based,82.9361717319104,82.9361717319104,0.0,0.0,450.0,0.9,off_peak,0.6,12.44042575978656
2015-01-01 04:45:00,p50,optimized,82.9361717319104,82.9361717319104,0.0,0.0,260.26334038989717,0.5205266807797944,off_peak,0.6,12.44042575978656
2015-01-01 04:45:00,p90,no_storage,118.94565903760952,118.94565903760952,0.0,0.0,250.0,0.5,off_peak,0.6,17.841848855641427
2015-01-01 04:45:00,p90,rule_based,118.94565903760952,118.94565903760952,0.0,0.0,450.0,0.9,off_peak,0.6,17.841848855641427
2015-01-01 04:45:00,p90,optimized,118.94565903760952,218.94565903760952,100.0,0.0,277.4153501709958,0.5548307003419916,off_peak,0.6,32.84184885564142
2015-01-01 05:00:00,p10,no_storage,66.10598775332006,66.10598775332006,0.0,0.0,250.0,0.5,off_peak,0.6,9.91589816299801
2015-01-01 05:00:00,p10,rule_based,66.10598775332006,66.10598775332006,0.0,0.0,450.0,0.9,off_peak,0.6,9.91589816299801
2015-01-01 05:00:00,p10,optimized,66.10598775332006,122.215087759652,56.10910000633193,0.0,349.8003651276725,0.699600730255345,off_peak,0.6,18.332263163947797
2015-01-01 05:00:00,p50,no_storage,92.6145396138109,92.6145396138109,0.0,0.0,250.0,0.5,off_peak,0.6,13.892180942071635
2015-01-01 05:00:00,p50,rule_based,92.6145396138109,92.6145396138109,0.0,0.0,450.0,0.9,off_peak,0.6,13.892180942071635
2015-01-01 05:00:00,p50,optimized,92.6145396138109,192.6145396138109,100.0,0.0,283.98042284116,0.5679608456823201,off_peak,0.6,28.892180942071633
2015-01-01 05:00:00,p90,no_storage,116.0875220609566,116.0875220609566,0.0,0.0,250.0,0.5,off_peak,0.6,17.413128309143488
2015-01-01 05:00:00,p90,rule_based,116.0875220609566,116.0875220609566,0.0,0.0,450.0,0.9,off_peak,0.6,17.413128309143488
2015-01-01 05:00:00,p90,optimized,116.0875220609566,216.0875220609566,100.0,0.0,301.13243262225865,0.6022648652445173,off_peak,0.6,32.41312830914349
2015-01-01 05:15:00,p10,no_storage,56.17661177084184,56.17661177084184,0.0,0.0,250.0,0.5,off_peak,0.6,8.426491765626276
2015-01-01 05:15:00,p10,rule_based,56.17661177084184,56.17661177084184,0.0,0.0,450.0,0.9,off_peak,0.6,8.426491765626276
2015-01-01 05:15:00,p10,optimized,56.17661177084184,122.215087759652,66.03847598881015,0.0,365.462764927496,0.7309255298549919,off_peak,0.6,18.332263163947797
2015-01-01 05:15:00,p50,no_storage,57.51624741822108,57.51624741822108,0.0,0.0,250.0,0.5,off_peak,0.6,8.627437112733162
2015-01-01 05:15:00,p50,rule_based,57.51624741822108,57.51624741822108,0.0,0.0,450.0,0.9,off_peak,0.6,8.627437112733162
2015-01-01 05:15:00,p50,optimized,57.51624741822108,157.51624741822107,100.0,0.0,307.6975052924229,0.6153950105848458,off_peak,0.6,23.62743711273316
2015-01-01 05:15:00,p90,no_storage,117.40359527520812,117.40359527520812,0.0,0.0,250.0,0.5,off_peak,0.6,17.610539291281217
2015-01-01 05:15:00,p90,rule_based,117.40359527520812,117.40359527520812,0.0,0.0,450.0,0.9,off_peak,0.6,17.610539291281217
2015-01-01 05:15:00,p90,optimized,117.40359527520812,217.40359527520812,100.0,0.0,324.8495150735215,0.649699030147043,off_peak,0.6,32.61053929128121
2015-01-01 05:30:00,p10,no_storage,51.23723704769032,51.23723704769032,0.0,0.0,250.0,0.5,off_peak,0.6,7.685585557153548
2015-01-01 05:30:00,p10,rule_based,51.23723704769032,51.23723704769032,0.0,0.0,450.0,0.9,off_peak,0.6,7.685585557153548
2015-01-01 05:30:00,p10,optimized,51.23723704769032,122.215087759652,70.97785071196168,0.0,382.2966403029862,0.7645932806059724,off_peak,0.6,18.332263163947797
2015-01-01 05:30:00,p50,no_storage,60.34176757629047,60.34176757629047,0.0,0.0,250.0,0.5,off_peak,0.6,9.05126513644357
2015-01-01 05:30:00,p50,rule_based,60.34176757629047,60.34176757629047,0.0,0.0,450.0,0.9,off_peak,0.6,9.05126513644357
2015-01-01 05:30:00,p50,optimized,60.34176757629047,160.34176757629047,100.0,0.0,331.41458774368573,0.6628291754873714,off_peak,0.6,24.05126513644357
2015-01-01 05:30:00,p90,no_storage,118.0097140923275,118.0097140923275,0.0,0.0,250.0,0.5,off_peak,0.6,17.701457113849123
2015-01-01 05:30:00,p90,rule_based,118.0097140923275,118.0097140923275,0.0,0.0,450.0,0.9,off_peak,0.6,17.701457113849123
2015-01-01 05:30:00,p90,optimized,118.0097140923275,218.0097140923275,100.0,0.0,348.56659752478436,0.6971331950495687,off_peak,0.6,32.70145711384912
2015-01-01 05:45:00,p10,no_storage,57.475777040035126,57.475777040035126,0.0,0.0,250.0,0.5,off_peak,0.6,8.621366556005269
2015-01-01 05:45:00,p10,rule_based,57.475777040035126,57.475777040035126,0.0,0.0,450.0,0.9,off_peak,0.6,8.621366556005269
2015-01-01 05:45:00,p10,optimized,57.475777040035126,122.215087759652,64.73931071961687,0.0,397.650916004737,0.795301832009474,off_peak,0.6,18.332263163947797
2015-01-01 05:45:00,p50,no_storage,65.43436969188974,65.43436969188974,0.0,0.0,250.0,0.5,off_peak,0.6,9.815155453783461
2015-01-01 05:45:00,p50,rule_based,65.43436969188974,65.43436969188974,0.0,0.0,450.0,0.9,off_peak,0.6,9.815155453783461
2015-01-01 05:45:00,p50,optimized,65.43436969188974,165.43436969188974,100.0,0.0,355.1316701949486,0.7102633403898971,off_peak,0.6,24.81515545378346
2015-01-01 05:45:00,p90,no_storage,121.65829892234149,121.65829892234149,0.0,0.0,250.0,0.5,off_peak,0.6,18.24874483835122
2015-01-01 05:45:00,p90,rule_based,121.65829892234149,121.65829892234149,0.0,0.0,450.0,0.9,off_peak,0.6,18.24874483835122
2015-01-01 05:45:00,p90,optimized,121.65829892234149,221.6582989223415,100.0,0.0,372.2836799760472,0.7445673599520944,off_peak,0.6,33.24874483835122
2015-01-01 06:00:00,p10,no_storage,46.84853750757621,46.84853750757621,0.0,0.0,250.0,0.5,off_peak,0.6,7.027280626136432
2015-01-01 06:00:00,p10,rule_based,46.84853750757621,46.84853750757621,0.0,0.0,450.0,0.9,off_peak,0.6,7.027280626136432
2015-01-01 06:00:00,p10,optimized,46.84853750757621,122.215087759652,75.36655025207578,0.0,415.52566286869427,0.8310513257373885,off_peak,0.6,18.332263163947797
2015-01-01 06:00:00,p50,no_storage,63.93895010850927,63.93895010850927,0.0,0.0,250.0,0.5,off_peak,0.6,9.590842516276389
2015-01-01 06:00:00,p50,rule_based,63.93895010850927,63.93895010850927,0.0,0.0,450.0,0.9,off_peak,0.6,9.590842516276389
2015-01-01 06:00:00,p50,optimized,63.93895010850927,163.93895010850926,100.0,0.0,378.84875264621144,0.7576975052924229,off_peak,0.6,24.59084251627639
2015-01-01 06:00:00,p90,no_storage,142.63420016663804,142.63420016663804,0.0,0.0,250.0,0.5,off_peak,0.6,21.395130024995705
2015-01-01 06:00:00,p90,rule_based,142.63420016663804,142.63420016663804,0.0,0.0,450.0,0.9,off_peak,0.6,21.395130024995705
2015-01-01 06:00:00,p90,optimized,142.63420016663804,242.63420016663804,100.0,0.0,396.00076242731006,0.7920015248546202,off_peak,0.6,36.3951300249957
2015-01-01 06:15:00,p10,no_storage,68.53214037021527,68.53214037021527,0.0,0.0,250.0,0.5,off_peak,0.6,10.27982105553229
2015-01-01 06:15:00,p10,rule_based,68.53214037021527,68.53214037021527,0.0,0.0,450.0,0.9,off_peak,0.6,10.27982105553229
2015-01-01 06:15:00,p10,optimized,68.53214037021527,122.215087759652,53.68294738943672,0.0,428.25769176331505,0.8565153835266301,off_peak,0.6,18.332263163947797
2015-01-01 06:15:00,p50,no_storage,85.65004398398473,85.65004398398473,0.0,0.0,250.0,0.5,off_peak,0.6,12.84750659759771
2015-01-01 06:15:00,p50,rule_based,85.65004398398473,85.65004398398473,0.0,0.0,450.0,0.9,off_peak,0.6,12.84750659759771
2015-01-01 06:15:00,p50,optimized,85.65004398398473,185.65004398398474,100.0,0.0,402.5658350974743,0.8051316701949486,off_peak,0.6,27.84750659759771
2015-01-01 06:15:00,p90,no_storage,192.99697172994496,192.99697172994496,0.0,0.0,250.0,0.5,off_peak,0.6,28.94954575949174
2015-01-01 06:15:00,p90,rule_based,192.99697172994496,192.99697172994496,0.0,0.0,450.0,0.9,off_peak,0.6,28.94954575949174
2015-01-01 06:15:00,p90,optimized,192.99697172994496,283.42498264034356,90.4280109103986,0.0,417.44764833396624,0.8348952966679325,off_peak,0.6,42.513747396051535
2015-01-01 06:30:00,p10,no_storage,70.24567129179832,70.24567129179832,0.0,0.0,250.0,0.5,off_peak,0.6,10.536850693769747
2015-01-01 06:30:00,p10,rule_based,70.24567129179832,70.24567129179832,0.0,0.0,450.0,0.9,off_peak,0.6,10.536850693769747
2015-01-01 06:30:00,p10,optimized,70.24567129179832,122.215087759652,51.96941646785368,0.0,440.5833211164361,0.8811666422328721,off_peak,0.6,18.332263163947797
2015-01-01 06:30:00,p50,no_storage,86.81941145985911,86.81941145985911,0.0,0.0,250.0,0.5,off_peak,0.6,13.022911718978866
2015-01-01 06:30:00,p50,rule_based,86.81941145985911,86.81941145985911,0.0,0.0,450.0,0.9,off_peak,0.6,13.022911718978866
2015-01-01 06:30:00,p50,optimized,86.81941145985911,186.8194114598591,100.0,0.0,426.28291754873715,0.8525658350974743,off_peak,0.6,28.022911718978865
2015-01-01 06:30:00,p90,no_storage,216.0872760259186,216.0872760259186,0.0,0.0,250.0,0.5,off_peak,0.6,32.41309140388779
2015-01-01 06:30:00,p90,rule_based,216.0872760259186,216.0872760259186,0.0,0.0,450.0,0.9,off_peak,0.6,32.41309140388779
2015-01-01 06:30:00,p90,optimized,216.0872760259186,283.42498264034356,67.33770661442495,0.0,433.4181877324989,0.8668363754649978,off_peak,0.6,42.513747396051535
2015-01-01 06:45:00,p10,no_storage,82.51088340435389,82.51088340435389,0.0,0.0,250.0,0.5,off_peak,0.6,12.376632510653083
2015-01-01 06:45:00,p10,rule_based,82.51088340435389,82.51088340435389,0.0,0.0,450.0,0.9,off_peak,0.6,12.376632510653083
2015-01-01 06:45:00,p10,optimized,82.51088340435389,122.215087759652,39.7042043552981,0.0,450.0,0.9,off_peak,0.6,18.332263163947797
2015-01-01 06:45:00,p50,no_storage,85.2153548984458,85.2153548984458,0.0,0.0,250.0,0.5,off_peak,0.6,12.78230323476687
2015-01-01 06:45:00,p50,rule_based,85.2153548984458,85.2153548984458,0.0,0.0,450.0,0.9,off_peak,0.6,12.78230323476687
2015-01-01 06:45:00,p50,optimized,85.2153548984458,185.2153548984458,100.0,0.0,450.0,0.9,off_peak,0.6,27.78230323476687
2015-01-01 06:45:00,p90,no_storage,213.509923308844,213.509923308844,0.0,0.0,250.0,0.5,off_peak,0.6,32.0264884963266
2015-01-01 06:45:00,p90,rule_based,213.509923308844,213.509923308844,0.0,0.0,450.0,0.9,off_peak,0.6,32.0264884963266
2015-01-01 06:45:00,p90,optimized,213.509923308844,283.42498264034356,69.91505933149955,0.0,450.0,0.9,off_peak,0.6,42.513747396051535
2015-01-01 07:00:00,p10,no_storage,96.47385826508774,96.47385826508774,0.0,0.0,250.0,0.5,shoulder,1.0,24.118464566271935
2015-01-01 07:00:00,p10,rule_based,96.47385826508774,96.47385826508774,0.0,0.0,450.0,0.9,shoulder,1.0,24.118464566271935
2015-01-01 07:00:00,p10,optimized,96.47385826508774,96.47385826508774,0.0,0.0,450.0,0.9,shoulder,1.0,24.118464566271935
2015-01-01 07:00:00,p50,no_storage,101.59219167711586,101.59219167711586,0.0,0.0,250.0,0.5,shoulder,1.0,25.398047919278966
2015-01-01 07:00:00,p50,rule_based,101.59219167711586,101.59219167711586,0.0,0.0,450.0,0.9,shoulder,1.0,25.398047919278966
2015-01-01 07:00:00,p50,optimized,101.59219167711586,101.59219167711586,0.0,0.0,450.0,0.9,shoulder,1.0,25.398047919278966
2015-01-01 07:00:00,p90,no_storage,211.6593983831852,211.6593983831852,0.0,0.0,250.0,0.5,shoulder,1.0,52.9148495957963
2015-01-01 07:00:00,p90,rule_based,211.6593983831852,211.6593983831852,0.0,0.0,450.0,0.9,shoulder,1.0,52.9148495957963
2015-01-01 07:00:00,p90,optimized,211.6593983831852,211.6593983831852,0.0,0.0,450.0,0.9,shoulder,1.0,52.9148495957963
2015-01-01 07:15:00,p10,no_storage,96.53136848221612,96.53136848221612,0.0,0.0,250.0,0.5,shoulder,1.0,24.13284212055403
2015-01-01 07:15:00,p10,rule_based,96.53136848221612,96.53136848221612,0.0,0.0,450.0,0.9,shoulder,1.0,24.13284212055403
2015-01-01 07:15:00,p10,optimized,96.53136848221612,96.53136848221612,0.0,0.0,450.0,0.9,shoulder,1.0,24.13284212055403
2015-01-01 07:15:00,p50,no_storage,112.7018684471261,112.7018684471261,0.0,0.0,250.0,0.5,shoulder,1.0,28.175467111781526
2015-01-01 07:15:00,p50,rule_based,112.7018684471261,112.7018684471261,0.0,0.0,450.0,0.9,shoulder,1.0,28.175467111781526
2015-01-01 07:15:00,p50,optimized,112.7018684471261,112.7018684471261,0.0,0.0,450.0,0.9,shoulder,1.0,28.175467111781526
2015-01-01 07:15:00,p90,no_storage,220.6193653485808,220.6193653485808,0.0,0.0,250.0,0.5,shoulder,1.0,55.1548413371452
2015-01-01 07:15:00,p90,rule_based,220.6193653485808,220.6193653485808,0.0,0.0,450.0,0.9,shoulder,1.0,55.1548413371452
2015-01-01 07:15:00,p90,optimized,220.6193653485808,220.6193653485808,0.0,0.0,450.0,0.9,shoulder,1.0,55.1548413371452
2015-01-01 07:30:00,p10,no_storage,107.9606285926192,107.9606285926192,0.0,0.0,250.0,0.5,shoulder,1.0,26.9901571481548
2015-01-01 07:30:00,p10,rule_based,107.9606285926192,107.9606285926192,0.0,0.0,450.0,0.9,shoulder,1.0,26.9901571481548
2015-01-01 07:30:00,p10,optimized,107.9606285926192,107.9606285926192,0.0,0.0,450.0,0.9,shoulder,1.0,26.9901571481548
2015-01-01 07:30:00,p50,no_storage,117.21741656821588,117.21741656821588,0.0,0.0,250.0,0.5,shoulder,1.0,29.30435414205397
2015-01-01 07:30:00,p50,rule_based,117.21741656821588,117.21741656821588,0.0,0.0,450.0,0.9,shoulder,1.0,29.30435414205397
2015-01-01 07:30:00,p50,optimized,117.21741656821588,117.21741656821588,0.0,0.0,450.0,0.9,shoulder,1.0,29.30435414205397
2015-01-01 07:30:00,p90,no_storage,222.88544328787364,222.88544328787364,0.0,0.0,250.0,0.5,shoulder,1.0,55.72136082196841
2015-01-01 07:30:00,p90,rule_based,222.88544328787364,222.88544328787364,0.0,0.0,450.0,0.9,shoulder,1.0,55.72136082196841
2015-01-01 07:30:00,p90,optimized,222.88544328787364,222.88544328787364,0.0,0.0,450.0,0.9,shoulder,1.0,55.72136082196841
2015-01-01 07:45:00,p10,no_storage,101.53817599701893,101.53817599701893,0.0,0.0,250.0,0.5,shoulder,1.0,25.38454399925473
2015-01-01 07:45:00,p10,rule_based,101.53817599701893,101.53817599701893,0.0,0.0,450.0,0.9,shoulder,1.0,25.38454399925473
2015-01-01 07:45:00,p10,optimized,101.53817599701893,101.53817599701893,0.0,0.0,450.0,0.9,shoulder,1.0,25.38454399925473
2015-01-01 07:45:00,p50,no_storage,109.64740461228746,109.64740461228746,0.0,0.0,250.0,0.5,shoulder,1.0,27.411851153071865
2015-01-01 07:45:00,p50,rule_based,109.64740461228746,109.64740461228746,0.0,0.0,450.0,0.9,shoulder,1.0,27.411851153071865
2015-01-01 07:45:00,p50,optimized,109.64740461228746,109.64740461228746,0.0,0.0,450.0,0.9,shoulder,1.0,27.411851153071865
2015-01-01 07:45:00,p90,no_storage,214.79772191606213,214.79772191606213,0.0,0.0,250.0,0.5,shoulder,1.0,53.69943047901553
2015-01-01 07:45:00,p90,rule_based,214.79772191606213,214.79772191606213,0.0,0.0,450.0,0.9,shoulder,1.0,53.69943047901553
2015-01-01 07:45:00,p90,optimized,214.79772191606213,214.79772191606213,0.0,0.0,450.0,0.9,shoulder,1.0,53.69943047901553
2015-01-01 08:00:00,p10,no_storage,99.15153053626472,99.15153053626472,0.0,0.0,250.0,0.5,shoulder,1.0,24.78788263406618
2015-01-01 08:00:00,p10,rule_based,99.15153053626472,99.15153053626472,0.0,0.0,450.0,0.9,shoulder,1.0,24.78788263406618
2015-01-01 08:00:00,p10,optimized,99.15153053626472,99.15153053626472,0.0,0.0,450.0,0.9,shoulder,1.0,24.78788263406618
2015-01-01 08:00:00,p50,no_storage,100.8953211948502,100.8953211948502,0.0,0.0,250.0,0.5,shoulder,1.0,25.22383029871255
2015-01-01 08:00:00,p50,rule_based,100.8953211948502,100.8953211948502,0.0,0.0,450.0,0.9,shoulder,1.0,25.22383029871255
2015-01-01 08:00:00,p50,optimized,100.8953211948502,100.8953211948502,0.0,0.0,450.0,0.9,shoulder,1.0,25.22383029871255
2015-01-01 08:00:00,p90,no_storage,222.65616037007027,222.65616037007027,0.0,0.0,250.0,0.5,shoulder,1.0,55.66404009251757
2015-01-01 08:00:00,p90,rule_based,222.65616037007027,222.65616037007027,0.0,0.0,450.0,0.9,shoulder,1.0,55.66404009251757
2015-01-01 08:00:00,p90,optimized,222.65616037007027,222.65616037007027,0.0,0.0,450.0,0.9,shoulder,1.0,55.66404009251757
2015-01-01 08:15:00,p10,no_storage,104.89579211014583,104.89579211014583,0.0,0.0,250.0,0.5,shoulder,1.0,26.22394802753646
2015-01-01 08:15:00,p10,rule_based,104.89579211014583,104.89579211014583,0.0,0.0,450.0,0.9,shoulder,1.0,26.22394802753646
2015-01-01 08:15:00,p10,optimized,104.89579211014583,104.89579211014583,0.0,0.0,450.0,0.9,shoulder,1.0,26.22394802753646
2015-01-01 08:15:00,p50,no_storage,141.38234794308912,141.38234794308912,0.0,0.0,250.0,0.5,shoulder,1.0,35.34558698577228
2015-01-01 08:15:00,p50,rule_based,141.38234794308912,141.38234794308912,0.0,0.0,450.0,0.9,shoulder,1.0,35.34558698577228
2015-01-01 08:15:00,p50,optimized,141.38234794308912,141.38234794308912,0.0,0.0,450.0,0.9,shoulder,1.0,35.34558698577228
2015-01-01 08:15:00,p90,no_storage,230.2075465798628,230.2075465798628,0.0,0.0,250.0,0.5,shoulder,1.0,57.5518866449657
2015-01-01 08:15:00,p90,rule_based,230.2075465798628,230.2075465798628,0.0,0.0,450.0,0.9,shoulder,1.0,57.5518866449657
2015-01-01 08:15:00,p90,optimized,230.2075465798628,230.2075465798628,0.0,0.0,450.0,0.9,shoulder,1.0,57.5518866449657
2015-01-01 08:30:00,p10,no_storage,113.45711305887048,113.45711305887048,0.0,0.0,250.0,0.5,shoulder,1.0,28.36427826471762
2015-01-01 08:30:00,p10,rule_based,113.45711305887048,113.45711305887048,0.0,0.0,450.0,0.9,shoulder,1.0,28.36427826471762
2015-01-01 08:30:00,p10,optimized,113.45711305887048,113.45711305887048,0.0,0.0,450.0,0.9,shoulder,1.0,28.36427826471762
2015-01-01 08:30:00,p50,no_storage,114.48231152471791,114.48231152471791,0.0,0.0,250.0,0.5,shoulder,1.0,28.62057788117948
2015-01-01 08:30:00,p50,rule_based,114.48231152471791,114.48231152471791,0.0,0.0,450.0,0.9,shoulder,1.0,28.62057788117948
2015-01-01 08:30:00,p50,optimized,114.48231152471791,114.48231152471791,0.0,0.0,450.0,0.9,shoulder,1.0,28.62057788117948
2015-01-01 08:30:00,p90,no_storage,248.4648554633678,248.4648554633678,0.0,0.0,250.0,0.5,shoulder,1.0,62.11621386584195
2015-01-01 08:30:00,p90,rule_based,248.4648554633678,248.4648554633678,0.0,0.0,450.0,0.9,shoulder,1.0,62.11621386584195
2015-01-01 08:30:00,p90,optimized,248.4648554633678,248.4648554633678,0.0,0.0,450.0,0.9,shoulder,1.0,62.11621386584195
2015-01-01 08:45:00,p10,no_storage,113.61094983913584,113.61094983913584,0.0,0.0,250.0,0.5,shoulder,1.0,28.40273745978396
2015-01-01 08:45:00,p10,rule_based,113.61094983913584,113.61094983913584,0.0,0.0,450.0,0.9,shoulder,1.0,28.40273745978396
2015-01-01 08:45:00,p10,optimized,113.61094983913584,113.61094983913584,0.0,0.0,450.0,0.9,shoulder,1.0,28.40273745978396
2015-01-01 08:45:00,p50,no_storage,174.67673966858248,174.67673966858248,0.0,0.0,250.0,0.5,shoulder,1.0,43.66918491714562
2015-01-01 08:45:00,p50,rule_based,174.67673966858248,174.67673966858248,0.0,0.0,450.0,0.9,shoulder,1.0,43.66918491714562
2015-01-01 08:45:00,p50,optimized,174.67673966858248,174.67673966858248,0.0,0.0,450.0,0.9,shoulder,1.0,43.66918491714562
2015-01-01 08:45:00,p90,no_storage,282.4132376194841,282.4132376194841,0.0,0.0,250.0,0.5,shoulder,1.0,70.60330940487103
2015-01-01 08:45:00,p90,rule_based,282.4132376194841,282.4132376194841,0.0,0.0,450.0,0.9,shoulder,1.0,70.60330940487103
2015-01-01 08:45:00,p90,optimized,282.4132376194841,282.4132376194841,0.0,0.0,450.0,0.9,shoulder,1.0,70.60330940487103
2015-01-01 09:00:00,p10,no_storage,93.82120507127163,93.82120507127163,0.0,0.0,250.0,0.5,shoulder,1.0,23.45530126781791
2015-01-01 09:00:00,p10,rule_based,93.82120507127163,93.82120507127163,0.0,0.0,450.0,0.9,shoulder,1.0,23.45530126781791
2015-01-01 09:00:00,p10,optimized,93.82120507127163,93.82120507127163,0.0,0.0,450.0,0.9,shoulder,1.0,23.45530126781791
2015-01-01 09:00:00,p50,no_storage,139.52106058036142,139.52106058036142,0.0,0.0,250.0,0.5,shoulder,1.0,34.880265145090355
2015-01-01 09:00:00,p50,rule_based,139.52106058036142,139.52106058036142,0.0,0.0,450.0,0.9,shoulder,1.0,34.880265145090355
2015-01-01 09:00:00,p50,optimized,139.52106058036142,139.52106058036142,0.0,0.0,450.0,0.9,shoulder,1.0,34.880265145090355
2015-01-01 09:00:00,p90,no_storage,299.9398147075572,299.9398147075572,0.0,0.0,250.0,0.5,shoulder,1.0,74.9849536768893
2015-01-01 09:00:00,p90,rule_based,299.9398147075572,299.9398147075572,0.0,0.0,450.0,0.9,shoulder,1.0,74.9849536768893
2015-01-01 09:00:00,p90,optimized,299.9398147075572,283.42498264034367,0.0,16.51483206721355,445.6479596243682,0.8912959192487364,shoulder,1.0,70.85624566008592
2015-01-01 09:15:00,p10,no_storage,103.90388920814098,103.90388920814098,0.0,0.0,250.0,0.5,shoulder,1.0,25.975972302035245
2015-01-01 09:15:00,p10,rule_based,103.90388920814098,103.90388920814098,0.0,0.0,450.0,0.9,shoulder,1.0,25.975972302035245
2015-01-01 09:15:00,p10,optimized,103.90388920814098,103.90388920814098,0.0,0.0,450.0,0.9,shoulder,1.0,25.975972302035245
2015-01-01 09:15:00,p50,no_storage,146.7757837775484,146.7757837775484,0.0,0.0,250.0,0.5,shoulder,1.0,36.6939459443871
2015-01-01 09:15:00,p50,rule_based,146.7757837775484,146.7757837775484,0.0,0.0,450.0,0.9,shoulder,1.0,36.6939459443871
2015-01-01 09:15:00,p50,optimized,146.7757837775484,146.7757837775484,0.0,0.0,450.0,0.9,shoulder,1.0,36.6939459443871
2015-01-01 09:15:00,p90,no_storage,294.4425247747724,294.4425247747724,0.0,0.0,250.0,0.5,shoulder,1.0,73.6106311936931
2015-01-01 09:15:00,p90,rule_based,294.4425247747724,294.4425247747724,0.0,0.0,450.0,0.9,shoulder,1.0,73.6106311936931
2015-01-01 09:15:00,p90,optimized,294.4425247747724,283.42498264034356,0.0,11.017542134428822,442.744582344229,0.885489164688458,shoulder,1.0,70.85624566008589
2015-01-01 09:30:00,p10,no_storage,112.49897831439192,112.49897831439192,0.0,0.0,250.0,0.5,shoulder,1.0,28.12474457859798
2015-01-01 09:30:00,p10,rule_based,112.49897831439192,112.49897831439192,0.0,0.0,450.0,0.9,shoulder,1.0,28.12474457859798
2015-01-01 09:30:00,p10,optimized,112.49897831439192,112.49897831439192,0.0,0.0,450.0,0.9,shoulder,1.0,28.12474457859798
2015-01-01 09:30:00,p50,no_storage,157.90387216867236,157.90387216867236,0.0,0.0,250.0,0.5,shoulder,1.0,39.47596804216809
2015-01-01 09:30:00,p50,rule_based,157.90387216867236,157.90387216867236,0.0,0.0,450.0,0.9,shoulder,1.0,39.47596804216809
2015-01-01 09:30:00,p50,optimized,157.90387216867236,157.90387216867236,0.0,0.0,450.0,0.9,shoulder,1.0,39.47596804216809
2015-01-01 09:30:00,p90,no_storage,297.9790202469017,297.9790202469017,0.0,0.0,250.0,0.5,shoulder,1.0,74.49475506172543
2015-01-01 09:30:00,p90,rule_based,297.9790202469017,297.9790202469017,0.0,0.0,450.0,0.9,shoulder,1.0,74.49475506172543
2015-01-01 09:30:00,p90,optimized,297.9790202469017,283.42498264034356,0.0,14.554037606558154,438.909256678523,0.877818513357046,shoulder,1.0,70.85624566008589
2015-01-01 09:45:00,p10,no_storage,117.82075790041326,117.82075790041326,0.0,0.0,250.0,0.5,shoulder,1.0,29.455189475103314
2015-01-01 09:45:00,p10,rule_based,117.82075790041326,117.82075790041326,0.0,0.0,450.0,0.9,shoulder,1.0,29.455189475103314
2015-01-01 09:45:00,p10,optimized,117.82075790041326,117.82075790041326,0.0,0.0,450.0,0.9,shoulder,1.0,29.455189475103314
2015-01-01 09:45:00,p50,no_storage,152.29234189517084,152.29234189517084,0.0,0.0,250.0,0.5,shoulder,1.0,38.07308547379271
2015-01-01 09:45:00,p50,rule_based,152.29234189517084,152.29234189517084,0.0,0.0,450.0,0.9,shoulder,1.0,38.07308547379271
2015-01-01 09:45:00,p50,optimized,152.29234189517084,152.29234189517084,0.0,0.0,450.0,0.9,shoulder,1.0,38.07308547379271
2015-01-01 09:45:00,p90,no_storage,295.7771352987345,295.7771352987345,0.0,0.0,250.0,0.5,shoulder,1.0,73.94428382468362
2015-01-01 09:45:00,p90,rule_based,295.7771352987345,295.7771352987345,0.0,0.0,450.0,0.9,shoulder,1.0,73.94428382468362
2015-01-01 09:45:00,p90,optimized,295.7771352987345,283.42498264034356,0.0,12.352152658390935,435.65417864463825,0.8713083572892765,shoulder,1.0,70.85624566008589
2015-01-01 10:00:00,p10,no_storage,107.89706499830125,107.89706499830125,0.0,0.0,250.0,0.5,shoulder,1.0,26.97426624957531
2015-01-01 10:00:00,p10,rule_based,107.89706499830125,107.89706499830125,0.0,0.0,450.0,0.9,shoulder,1.0,26.97426624957531
2015-01-01 10:00:00,p10,optimized,107.89706499830125,107.89706499830125,0.0,0.0,450.0,0.9,shoulder,1.0,26.97426624957531
2015-01-01 10:00:00,p50,no_storage,190.80644314421173,190.80644314421173,0.0,0.0,250.0,0.5,shoulder,1.0,47.70161078605293
2015-01-01 10:00:00,p50,rule_based,190.80644314421173,190.80644314421173,0.0,0.0,450.0,0.9,shoulder,1.0,47.70161078605293
2015-01-01 10:00:00,p50,optimized,190.80644314421173,190.80644314421173,0.0,0.0,450.0,0.9,shoulder,1.0,47.70161078605293
2015-01-01 10:00:00,p90,no_storage,309.3829756896547,309.3829756896547,0.0,0.0,250.0,0.5,shoulder,1.0,77.34574392241367
2015-01-01 10:00:00,p90,rule_based,309.3829756896547,309.3829756896547,0.0,0.0,450.0,0.9,shoulder,1.0,77.34574392241367
2015-01-01 10:00:00,p90,optimized,309.3829756896547,283.42498264034356,0.0,25.957993049311142,428.81364685108474,0.8576272937021695,shoulder,1.0,70.85624566008589
2015-01-01 10:15:00,p10,no_storage,108.84035646124843,108.84035646124843,0.0,0.0,250.0,0.5,shoulder,1.0,27.21008911531211
2015-01-01 10:15:00,p10,rule_based,108.84035646124843,108.84035646124843,0.0,0.0,450.0,0.9,shoulder,1.0,27.21008911531211
2015-01-01 10:15:00,p10,optimized,108.84035646124843,108.84035646124843,0.0,0.0,450.0,0.9,shoulder,1.0,27.21008911531211
2015-01-01 10:15:00,p50,no_storage,178.6030735303105,178.6030735303105,0.0,0.0,250.0,0.5,shoulder,1.0,44.650768382577624
2015-01-01 10:15:00,p50,rule_based,178.6030735303105,178.6030735303105,0.0,0.0,450.0,0.9,shoulder,1.0,44.650768382577624
2015-01-01 10:15:00,p50,optimized,178.6030735303105,178.6030735303105,0.0,0.0,450.0,0.9,shoulder,1.0,44.650768382577624
2015-01-01 10:15:00,p90,no_storage,316.7933080455783,316.7933080455783,0.0,0.0,250.0,0.5,shoulder,1.0,79.19832701139458
2015-01-01 10:15:00,p90,rule_based,316.7933080455783,316.7933080455783,0.0,0.0,450.0,0.9,shoulder,1.0,79.19832701139458
2015-01-01 10:15:00,p90,optimized,316.7933080455783,283.42498264034356,0.0,33.36832540523477,420.0203210189011,0.8400406420378022,shoulder,1.0,70.85624566008589
2015-01-01 10:30:00,p10,no_storage,138.0439388693214,138.0439388693214,0.0,0.0,250.0,0.5,shoulder,1.0,34.51098471733035
2015-01-01 10:30:00,p10,rule_based,138.0439388693214,138.0439388693214,0.0,0.0,450.0,0.9,shoulder,1.0,34.51098471733035
2015-01-01 10:30:00,p10,optimized,138.0439388693214,122.21508775965208,0.0,15.82885110966933,445.82873147914677,0.8916574629582935,shoulder,1.0,30.55377193991302
2015-01-01 10:30:00,p50,no_storage,200.66450088133317,200.66450088133317,0.0,0.0,250.0,0.5,shoulder,1.0,50.16612522033329
2015-01-01 10:30:00,p50,rule_based,200.66450088133317,200.66450088133317,0.0,0.0,450.0,0.9,shoulder,1.0,50.16612522033329
2015-01-01 10:30:00,p50,optimized,200.66450088133317,200.66450088133317,0.0,0.0,450.0,0.9,shoulder,1.0,50.16612522033329
2015-01-01 10:30:00,p90,no_storage,314.39463771434,314.39463771434,0.0,0.0,250.0,0.5,shoulder,1.0,78.598659428585
2015-01-01 10:30:00,p90,rule_based,314.39463771434,314.39463771434,0.0,0.0,450.0,0.9,shoulder,1.0,78.598659428585
2015-01-01 10:30:00,p90,optimized,314.39463771434,283.42498264034356,0.0,30.96965507399642,411.85910032026595,0.8237182006405319,shoulder,1.0,70.85624566008589
2015-01-01 10:45:00,p10,no_storage,158.73523996320168,158.73523996320168,0.0,0.0,250.0,0.5,shoulder,1.0,39.68380999080042
2015-01-01 10:45:00,p10,rule_based,158.73523996320168,158.73523996320168,0.0,0.0,450.0,0.9,shoulder,1.0,39.68380999080042
2015-01-01 10:45:00,p10,optimized,158.73523996320168,122.21508775965202,0.0,36.52015220354966,436.2048263575439,0.8724096527150877,shoulder,1.0,30.553771939913005
2015-01-01 10:45:00,p50,no_storage,193.7994441093164,193.7994441093164,0.0,0.0,250.0,0.5,shoulder,1.0,48.4498610273291
2015-01-01 10:45:00,p50,rule_based,193.7994441093164,193.7994441093164,0.0,0.0,450.0,0.9,shoulder,1.0,48.4498610273291
2015-01-01 10:45:00,p50,optimized,193.7994441093164,193.7994441093164,0.0,0.0,450.0,0.9,shoulder,1.0,48.4498610273291
2015-01-01 10:45:00,p90,no_storage,315.1030100402263,315.1030100402263,0.0,0.0,250.0,0.5,shoulder,1.0,78.77575251005658
2015-01-01 10:45:00,p90,rule_based,315.1030100402263,315.1030100402263,0.0,0.0,450.0,0.9,shoulder,1.0,78.77575251005658
2015-01-01 10:45:00,p90,optimized,315.1030100402263,283.42498264034356,0.0,31.67802739988275,403.51120712319516,0.8070224142463903,shoulder,1.0,70.85624566008589
2015-01-01 11:00:00,p10,no_storage,134.35612809404117,134.35612809404117,0.0,0.0,250.0,0.5,shoulder,1.0,33.58903202351029
2015-01-01 11:00:00,p10,rule_based,134.35612809404117,134.35612809404117,0.0,0.0,450.0,0.9,shoulder,1.0,33.58903202351029
2015-01-01 11:00:00,p10,optimized,134.35612809404117,122.215087759652,0.0,12.141040334389174,433.0053813058239,0.8660107626116478,shoulder,1.0,30.553771939913
2015-01-01 11:00:00,p50,no_storage,213.91040418991665,213.91040418991665,0.0,0.0,250.0,0.5,shoulder,1.0,53.47760104747916
2015-01-01 11:00:00,p50,rule_based,213.91040418991665,213.91040418991665,0.0,0.0,450.0,0.9,shoulder,1.0,53.47760104747916
2015-01-01 11:00:00,p50,optimized,213.91040418991665,213.91040418991665,0.0,0.0,450.0,0.9,shoulder,1.0,53.47760104747916
2015-01-01 11:00:00,p90,no_storage,307.09544206964824,307.09544206964824,0.0,0.0,250.0,0.5,shoulder,1.0,76.77386051741206
2015-01-01 11:00:00,p90,rule_based,307.09544206964824,307.09544206964824,0.0,0.0,450.0,0.9,shoulder,1.0,76.77386051741206
2015-01-01 11:00:00,p90,optimized,307.09544206964824,283.42498264034356,0.0,23.670459429304685,397.2734933682609,0.7945469867365218,shoulder,1.0,70.85624566008589
2015-01-01 11:15:00,p10,no_storage,128.84281324225412,128.84281324225412,0.0,0.0,250.0,0.5,shoulder,1.0,32.21070331056353
2015-01-01 11:15:00,p10,rule_based,128.84281324225412,128.84281324225412,0.0,0.0,450.0,0.9,shoulder,1.0,32.21070331056353
2015-01-01 11:15:00,p10,optimized,128.84281324225412,122.215087759652,0.0,6.627725482602131,431.2588222865436,0.8625176445730872,shoulder,1.0,30.553771939913
2015-01-01 11:15:00,p50,no_storage,198.65567847529564,198.65567847529564,0.0,0.0,250.0,0.5,shoulder,1.0,49.66391961882391
2015-01-01 11:15:00,p50,rule_based,198.65567847529564,198.65567847529564,0.0,0.0,450.0,0.9,shoulder,1.0,49.66391961882391
2015-01-01 11:15:00,p50,optimized,198.65567847529564,198.65567847529564,0.0,0.0,450.0,0.9,shoulder,1.0,49.66391961882391
2015-01-01 11:15:00,p90,no_storage,315.29658013851173,315.29658013851173,0.0,0.0,250.0,0.5,shoulder,1.0,78.82414503462793
2015-01-01 11:15:00,p90,rule_based,315.29658013851173,315.29658013851173,0.0,0.0,450.0,0.9,shoulder,1.0,78.82414503462793
2015-01-01 11:15:00,p90,optimized,315.29658013851173,283.42498264034356,0.0,31.87159749816817,388.8745899713995,0.7777491799427989,shoulder,1.0,70.85624566008589
2015-01-01 11:30:00,p10,no_storage,108.9170463039619,108.9170463039619,0.0,0.0,250.0,0.5,shoulder,1.0,27.229261575990474
2015-01-01 11:30:00,p10,rule_based,108.9170463039619,108.9170463039619,0.0,0.0,450.0,0.9,shoulder,1.0,27.229261575990474
2015-01-01 11:30:00,p10,optimized,108.9170463039619,122.215087759652,13.298041455690097,0.0,434.4127297429927,0.8688254594859854,shoulder,1.0,30.553771939913
2015-01-01 11:30:00,p50,no_storage,202.68488727443815,202.68488727443815,0.0,0.0,250.0,0.5,shoulder,1.0,50.67122181860954
2015-01-01 11:30:00,p50,rule_based,202.68488727443815,202.68488727443815,0.0,0.0,450.0,0.9,shoulder,1.0,50.67122181860954
2015-01-01 11:30:00,p50,optimized,202.68488727443815,202.68488727443815,0.0,0.0,450.0,0.9,shoulder,1.0,50.67122181860954
2015-01-01 11:30:00,p90,no_storage,314.57370388971526,314.57370388971526,0.0,0.0,250.0,0.5,shoulder,1.0,78.64342597242882
2015-01-01 11:30:00,p90,rule_based,314.57370388971526,314.57370388971526,0.0,0.0,450.0,0.9,shoulder,1.0,78.64342597242882
2015-01-01 11:30:00,p90,optimized,314.57370388971526,283.42498264034356,0.0,31.148721249371704,380.6661811922577,0.7613323623845154,shoulder,1.0,70.85624566008589
2015-01-01 11:45:00,p10,no_storage,101.76141481878412,101.76141481878412,0.0,0.0,250.0,0.5,shoulder,1.0,25.44035370469603
2015-01-01 11:45:00,p10,rule_based,101.76141481878412,101.76141481878412,0.0,0.0,450.0,0.9,shoulder,1.0,25.44035370469603
2015-01-01 11:45:00,p10,optimized,101.76141481878412,122.215087759652,20.453672940867875,0.0,439.26374421869014,0.8785274884373803,shoulder,1.0,30.553771939913
2015-01-01 11:45:00,p50,no_storage,184.4349246335774,184.4349246335774,0.0,0.0,250.0,0.5,shoulder,1.0,46.10873115839435
2015-01-01 11:45:00,p50,rule_based,184.4349246335774,184.4349246335774,0.0,0.0,450.0,0.9,shoulder,1.0,46.10873115839435
2015-01-01 11:45:00,p50,optimized,184.4349246335774,184.4349246335774,0.0,0.0,450.0,0.9,shoulder,1.0,46.10873115839435
2015-01-01 11:45:00,p90,no_storage,306.534697871486,306.534697871486,0.0,0.0,250.0,0.5,shoulder,1.0,76.6336744678715
2015-01-01 11:45:00,p90,rule_based,306.534697871486,306.534697871486,0.0,0.0,450.0,0.9,shoulder,1.0,76.6336744678715
2015-01-01 11:45:00,p90,optimized,306.534697871486,283.42498264034356,0.0,23.109715231142445,374.57623650823325,0.7491524730164665,shoulder,1.0,70.85624566008589
2015-01-01 12:00:00,p10,no_storage,120.2021465669022,120.2021465669022,0.0,0.0,250.0,0.5,shoulder,1.0,30.05053664172555
2015-01-01 12:00:00,p10,rule_based,120.2021465669022,120.2021465669022,0.0,0.0,450.0,0.9,shoulder,1.0,30.05053664172555
2015-01-01 12:00:00,p10,optimized,120.2021465669022,122.215087759652,2.0129411927497927,0.0,439.74115514106984,0.8794823102821396,shoulder,1.0,30.553771939913
2015-01-01 12:00:00,p50,no_storage,223.2889157856491,223.2889157856491,0.0,0.0,250.0,0.5,shoulder,1.0,55.822228946412274
2015-01-01 12:00:00,p50,rule_based,223.2889157856491,223.2889157856491,0.0,0.0,450.0,0.9,shoulder,1.0,55.822228946412274
2015-01-01 12:00:00,p50,optimized,223.2889157856491,223.2889157856491,0.0,0.0,450.0,0.9,shoulder,1.0,55.822228946412274
2015-01-01 12:00:00,p90,no_storage,304.2550198039778,304.2550198039778,0.0,0.0,250.0,0.5,shoulder,1.0,76.06375495099445
2015-01-01 12:00:00,p90,rule_based,304.2550198039778,304.2550198039778,0.0,0.0,450.0,0.9,shoulder,1.0,76.06375495099445
2015-01-01 12:00:00,p90,optimized,304.2550198039778,283.42498264034356,0.0,20.830037163634245,369.0870397429803,0.7381740794859607,shoulder,1.0,70.85624566008589
2015-01-01 12:15:00,p10,no_storage,112.52584321853776,112.52584321853776,0.0,0.0,250.0,0.5,shoulder,1.0,28.13146080463444
2015-01-01 12:15:00,p10,rule_based,112.52584321853776,112.52584321853776,0.0,0.0,450.0,0.9,shoulder,1.0,28.13146080463444
2015-01-01 12:15:00,p10,optimized,112.52584321853776,122.215087759652,9.689244541114235,0.0,442.0391612577903,0.8840783225155806,shoulder,1.0,30.553771939913
2015-01-01 12:15:00,p50,no_storage,173.64668902872074,173.64668902872074,0.0,0.0,250.0,0.5,shoulder,1.0,43.411672257180186
2015-01-01 12:15:00,p50,rule_based,173.64668902872074,173.64668902872074,0.0,0.0,450.0,0.9,shoulder,1.0,43.411672257180186
2015-01-01 12:15:00,p50,optimized,173.64668902872074,173.64668902872074,0.0,0.0,450.0,0.9,shoulder,1.0,43.411672257180186
2015-01-01 12:15:00,p90,no_storage,306.7939019517195,306.7939019517195,0.0,0.0,250.0,0.5,shoulder,1.0,76.69847548792987
2015-01-01 12:15:00,p90,rule_based,306.7939019517195,306.7939019517195,0.0,0.0,450.0,0.9,shoulder,1.0,76.69847548792987
2015-01-01 12:15:00,p90,optimized,306.7939019517195,283.42498264034356,0.0,23.36891931137592,362.92878878626016,0.7258575775725203,shoulder,1.0,70.85624566008589
2015-01-01 12:30:00,p10,no_storage,118.97306215134788,118.97306215134788,0.0,0.0,250.0,0.5,shoulder,1.0,29.74326553783697
2015-01-01 12:30:00,p10,rule_based,118.97306215134788,118.97306215134788,0.0,0.0,450.0,0.9,shoulder,1.0,29.74326553783697
2015-01-01 12:30:00,p10,optimized,118.97306215134788,122.215087759652,3.242025608304118,0.0,442.80807514440266,0.8856161502888054,shoulder,1.0,30.553771939913
2015-01-01 12:30:00,p50,no_storage,232.43966794198863,232.43966794198863,0.0,0.0,250.0,0.5,shoulder,1.0,58.10991698549716
2015-01-01 12:30:00,p50,rule_based,232.43966794198863,232.43966794198863,0.0,0.0,450.0,0.9,shoulder,1.0,58.10991698549716
2015-01-01 12:30:00,p50,optimized,232.43966794198863,223.41449539511711,0.0,9.025172546871516,447.6216582063219,0.8952433164126439,shoulder,1.0,55.85362384877928
2015-01-01 12:30:00,p90,no_storage,301.9523998047192,301.9523998047192,0.0,0.0,250.0,0.5,shoulder,1.0,75.4880999511798
2015-01-01 12:30:00,p90,rule_based,301.9523998047192,301.9523998047192,0.0,0.0,450.0,0.9,shoulder,1.0,75.4880999511798
2015-01-01 12:30:00,p90,optimized,301.9523998047192,283.42498264034356,0.0,18.527417164375663,358.04638566963285,0.7160927713392657,shoulder,1.0,70.85624566008589
2015-01-01 12:45:00,p10,no_storage,116.50119528151784,116.50119528151784,0.0,0.0,250.0,0.5,shoulder,1.0,29.12529882037946
2015-01-01 12:45:00,p10,rule_based,116.50119528151784,116.50119528151784,0.0,0.0,450.0,0.9,shoulder,1.0,29.12529882037946
2015-01-01 12:45:00,p10,optimized,116.50119528151784,122.215087759652,5.713892478134156,0.0,444.16324373461816,0.8883264874692364,shoulder,1.0,30.553771939913
2015-01-01 12:45:00,p50,no_storage,183.305329016877,183.305329016877,0.0,0.0,250.0,0.5,shoulder,1.0,45.82633225421925
2015-01-01 12:45:00,p50,rule_based,183.305329016877,183.305329016877,0.0,0.0,450.0,0.9,shoulder,1.0,45.82633225421925
2015-01-01 12:45:00,p50,optimized,183.305329016877,183.83795304104035,0.5326240241633262,0.0,447.74798108528796,0.8954959621705759,shoulder,1.0,45.95948826026009
2015-01-01 12:45:00,p90,no_storage,300.4565696772114,300.4565696772114,0.0,0.0,250.0,0.5,shoulder,1.0,75.11414241930285
2015-01-01 12:45:00,p90,rule_based,300.4565696772114,300.4565696772114,0.0,0.0,450.0,0.9,shoulder,1.0,75.11414241930285
2015-01-01 12:45:00,p90,optimized,300.4565696772114,283.42498264034356,0.0,17.031587036867847,353.5581684026406,0.7071163368052812,shoulder,1.0,70.85624566008589
2015-01-01 13:00:00,p10,no_storage,122.57833249852727,122.57833249852727,0.0,0.0,250.0,0.5,shoulder,1.0,30.64458312463182
2015-01-01 13:00:00,p10,rule_based,122.57833249852727,122.57833249852727,0.0,0.0,450.0,0.9,shoulder,1.0,30.64458312463182
2015-01-01 13:00:00,p10,optimized,122.57833249852727,122.215087759652,0.0,0.36324473887528086,444.0675203410417,0.8881350406820834,shoulder,1.0,30.553771939913
2015-01-01 13:00:00,p50,no_storage,245.84338141690088,245.84338141690088,0.0,0.0,250.0,0.5,shoulder,1.0,61.46084535422522
2015-01-01 13:00:00,p50,rule_based,245.84338141690088,245.84338141690088,0.0,0.0,450.0,0.9,shoulder,1.0,61.46084535422522
2015-01-01 13:00:00,p50,optimized,245.84338141690088,223.41449539511711,0.0,22.428886021783768,441.83745065119217,0.8836749013023844,shoulder,1.0,55.85362384877928
2015-01-01 13:00:00,p90,no_storage,301.824205047529,301.824205047529,0.0,0.0,250.0,0.5,shoulder,1.0,75.45605126188225
2015-01-01 13:00:00,p90,rule_based,301.824205047529,301.824205047529,0.0,0.0,450.0,0.9,shoulder,1.0,75.45605126188225
2015-01-01 13:00:00,p90,optimized,301.824205047529,283.42498264034356,0.0,18.399222407185448,348.7095475707479,0.6974190951414957,shoulder,1.0,70.85624566008589
2015-01-01 13:15:00,p10,no_storage,132.73382886521014,132.73382886521014,0.0,0.0,250.0,0.5,shoulder,1.0,33.183457216302536
2015-01-01 13:15:00,p10,rule_based,132.73382886521014,132.73382886521014,0.0,0.0,450.0,0.9,shoulder,1.0,33.183457216302536
2015-01-01 13:15:00,p10,optimized,132.73382886521014,122.215087759652,0.0,10.51874110555815,441.29558867344144,0.8825911773468829,shoulder,1.0,30.553771939913
2015-01-01 13:15:00,p50,no_storage,188.99816545410795,188.99816545410795,0.0,0.0,250.0,0.5,shoulder,1.0,47.24954136352699
2015-01-01 13:15:00,p50,rule_based,188.99816545410795,188.99816545410795,0.0,0.0,450.0,0.9,shoulder,1.0,47.24954136352699
2015-01-01 13:15:00,p50,optimized,188.99816545410795,223.41449539511711,34.41632994100917,0.0,450.0,0.9,shoulder,1.0,55.85362384877928
2015-01-01 13:15:00,p90,no_storage,290.95742538703274,290.95742538703274,0.0,0.0,250.0,0.5,shoulder,1.0,72.73935634675819
2015-01-01 13:15:00,p90,rule_based,290.95742538703274,290.95742538703274,0.0,0.0,450.0,0.9,shoulder,1.0,72.73935634675819
2015-01-01 13:15:00,p90,optimized,290.95742538703274,283.42498264034356,0.0,7.532442746689185,346.72457461871863,0.6934491492374373,shoulder,1.0,70.85624566008589
2015-01-01 13:30:00,p10,no_storage,144.21607576064864,144.21607576064864,0.0,0.0,250.0,0.5,shoulder,1.0,36.05401894016216
2015-01-01 13:30:00,p10,rule_based,144.21607576064864,144.21607576064864,0.0,0.0,450.0,0.9,shoulder,1.0,36.05401894016216
2015-01-01 13:30:00,p10,optimized,144.21607576064864,122.215087759652,0.0,22.000988000996642,435.49781926867627,0.8709956385373525,shoulder,1.0,30.553771939913
2015-01-01 13:30:00,p50,no_storage,236.9801422284389,236.9801422284389,0.0,0.0,250.0,0.5,shoulder,1.0,59.24503555710972
2015-01-01 13:30:00,p50,rule_based,236.9801422284389,236.9801422284389,0.0,0.0,450.0,0.9,shoulder,1.0,59.24503555710972
2015-01-01 13:30:00,p50,optimized,236.9801422284389,223.41449539511746,0.0,13.565646833321436,446.42513817277114,0.8928502763455423,shoulder,1.0,55.853623848779364
2015-01-01 13:30:00,p90,no_storage,294.24791997362803,294.24791997362803,0.0,0.0,250.0,0.5,shoulder,1.0,73.56197999340701
2015-01-01 13:30:00,p90,rule_based,294.24791997362803,294.24791997362803,0.0,0.0,450.0,0.9,shoulder,1.0,73.56197999340701
2015-01-01 13:30:00,p90,optimized,294.24791997362803,283.42498264034356,0.0,10.822937333284472,343.87248020651487,0.6877449604130297,shoulder,1.0,70.85624566008589
2015-01-01 13:45:00,p10,no_storage,146.09383902442525,146.09383902442525,0.0,0.0,250.0,0.5,shoulder,1.0,36.52345975610631
2015-01-01 13:45:00,p10,rule_based,146.09383902442525,146.09383902442525,0.0,0.0,450.0,0.9,shoulder,1.0,36.52345975610631
2015-01-01 13:45:00,p10,optimized,146.09383902442525,122.215087759652,0.0,23.878751264773257,429.205215795567,0.8584104315911341,shoulder,1.0,30.553771939913
2015-01-01 13:45:00,p50,no_storage,224.7240030156355,224.7240030156355,0.0,0.0,250.0,0.5,shoulder,1.0,56.181000753908876
2015-01-01 13:45:00,p50,rule_based,224.7240030156355,224.7240030156355,0.0,0.0,450.0,0.9,shoulder,1.0,56.181000753908876
2015-01-01 13:45:00,p50,optimized,224.7240030156355,223.41449539511711,0.0,1.3095076205183886,446.08005261492235,0.8921601052298447,shoulder,1.0,55.85362384877928
2015-01-01 13:45:00,p90,no_storage,297.8054484291046,297.8054484291046,0.0,0.0,250.0,0.5,shoulder,1.0,74.45136210727615
2015-01-01 13:45:00,p90,rule_based,297.8054484291046,297.8054484291046,0.0,0.0,450.0,0.9,shoulder,1.0,74.45136210727615
2015-01-01 13:45:00,p90,optimized,297.8054484291046,283.42498264034356,0.0,14.380465788761057,340.08289473096374,0.6801657894619275,shoulder,1.0,70.85624566008589
2015-01-01 14:00:00,p10,no_storage,154.66180270336707,154.66180270336707,0.0,0.0,250.0,0.5,shoulder,1.0,38.66545067584177
2015-01-01 14:00:00,p10,rule_based,154.66180270336707,154.66180270336707,0.0,0.0,450.0,0.9,shoulder,1.0,38.66545067584177
2015-01-01 14:00:00,p10,optimized,154.66180270336707,122.215087759652,0.0,32.44671494371508,420.65475564453686,0.8413095112890737,shoulder,1.0,30.553771939913
2015-01-01 14:00:00,p50,no_storage,245.2876666930053,245.2876666930053,0.0,0.0,250.0,0.5,shoulder,1.0,61.32191667325132
2015-01-01 14:00:00,p50,rule_based,245.2876666930053,245.2876666930053,0.0,0.0,450.0,0.9,shoulder,1.0,61.32191667325132
2015-01-01 14:00:00,p50,optimized,245.2876666930053,223.41449539511711,0.0,21.873171297888177,440.3159658688935,0.880631931737787,shoulder,1.0,55.85362384877928
2015-01-01 14:00:00,p90,no_storage,294.63464472136394,294.63464472136394,0.0,0.0,250.0,0.5,shoulder,1.0,73.65866118034099
2015-01-01 14:00:00,p90,rule_based,294.63464472136394,294.63464472136394,0.0,0.0,450.0,0.9,shoulder,1.0,73.65866118034099
2015-01-01 14:00:00,p90,optimized,294.63464472136394,283.42498264034356,0.0,11.209662081020383,337.12888939955974,0.6742577787991195,shoulder,1.0,70.85624566008589
2015-01-01 14:15:00,p10,no_storage,135.42765283640608,135.42765283640608,0.0,0.0,250.0,0.5,shoulder,1.0,33.85691320910152
2015-01-01 14:15:00,p10,rule_based,135.42765283640608,135.42765283640608,0.0,0.0,450.0,0.9,shoulder,1.0,33.85691320910152
2015-01-01 14:15:00,p10,optimized,135.42765283640608,122.215087759652,0.0,13.212565076754089,417.17293902989195,0.8343458780597839,shoulder,1.0,30.553771939913
2015-01-01 14:15:00,p50,no_storage,251.08344447995103,251.08344447995103,0.0,0.0,250.0,0.5,shoulder,1.0,62.77086111998776
2015-01-01 14:15:00,p50,rule_based,251.08344447995103,251.08344447995103,0.0,0.0,450.0,0.9,shoulder,1.0,62.77086111998776
2015-01-01 14:15:00,p50,optimized,251.08344447995103,223.41449539511711,0.0,27.668949084833912,433.02455757128473,0.8660491151425694,shoulder,1.0,55.85362384877928
2015-01-01 14:15:00,p90,no_storage,296.80389950556093,296.80389950556093,0.0,0.0,250.0,0.5,shoulder,1.0,74.20097487639023
2015-01-01 14:15:00,p90,rule_based,296.80389950556093,296.80389950556093,0.0,0.0,450.0,0.9,shoulder,1.0,74.20097487639023
2015-01-01 14:15:00,p90,optimized,296.80389950556093,283.42498264034356,0.0,13.378916865217377,333.6032352395491,0.6672064704790982,shoulder,1.0,70.85624566008589
2015-01-01 14:30:00,p10,no_storage,111.80514337846736,111.80514337846736,0.0,0.0,250.0,0.5,shoulder,1.0,27.95128584461684
2015-01-01 14:30:00,p10,rule_based,111.80514337846736,111.80514337846736,0.0,0.0,450.0,0.9,shoulder,1.0,27.95128584461684
2015-01-01 14:30:00,p10,optimized,111.80514337846736,122.215087759652,10.40994438118463,0.0,419.6418741219079,0.8392837482438158,shoulder,1.0,30.553771939913
2015-01-01 14:30:00,p50,no_storage,252.475908272418,252.475908272418,0.0,0.0,250.0,0.5,shoulder,1.0,63.1189770681045
2015-01-01 14:30:00,p50,rule_based,252.475908272418,252.475908272418,0.0,0.0,450.0,0.9,shoulder,1.0,63.1189770681045
2015-01-01 14:30:00,p50,optimized,252.475908272418,223.41449539511711,0.0,29.06141287730088,425.36620284504966,0.8507324056900993,shoulder,1.0,55.85362384877928
2015-01-01 14:30:00,p90,no_storage,303.4253315890269,303.4253315890269,0.0,0.0,250.0,0.5,shoulder,1.0,75.85633289725672
2015-01-01 14:30:00,p90,rule_based,303.4253315890269,303.4253315890269,0.0,0.0,450.0,0.9,shoulder,1.0,75.85633289725672
2015-01-01 14:30:00,p90,optimized,303.4253315890269,283.42498264034356,0.0,20.000348948683325,328.3326805165498,0.6566653610330996,shoulder,1.0,70.85624566008589
2015-01-01 14:45:00,p10,no_storage,142.45151458964145,142.45151458964145,0.0,0.0,250.0,0.5,shoulder,1.0,35.61287864741036
2015-01-01 14:45:00,p10,rule_based,142.45151458964145,142.45151458964145,0.0,0.0,450.0,0.9,shoulder,1.0,35.61287864741036
2015-01-01 14:45:00,p10,optimized,142.45151458964145,122.215087759652,0.0,20.236426829989455,414.3091074147321,0.8286182148294643,shoulder,1.0,30.553771939913
2015-01-01 14:45:00,p50,no_storage,250.2113788333879,250.2113788333879,0.0,0.0,250.0,0.5,shoulder,1.0,62.552844708346974
2015-01-01 14:45:00,p50,rule_based,250.2113788333879,250.2113788333879,0.0,0.0,450.0,0.9,shoulder,1.0,62.552844708346974
2015-01-01 14:45:00,p50,optimized,250.2113788333879,223.41449539511711,0.0,26.796883438270783,418.3046040234681,0.8366092080469362,shoulder,1.0,55.85362384877928
2015-01-01 14:45:00,p90,no_storage,301.94387607107086,301.94387607107086,0.0,0.0,250.0,0.5,shoulder,1.0,75.48596901776772
2015-01-01 14:45:00,p90,rule_based,301.94387607107086,301.94387607107086,0.0,0.0,450.0,0.9,shoulder,1.0,75.48596901776772
2015-01-01 14:45:00,p90,optimized,301.94387607107086,283.42498264034356,0.0,18.518893430727303,323.452523600964,0.646905047201928,shoulder,1.0,70.85624566008589
2015-01-01 15:00:00,p10,no_storage,133.61099848154308,133.61099848154308,0.0,0.0,250.0,0.5,shoulder,1.0,33.40274962038577
2015-01-01 15:00:00,p10,rule_based,133.61099848154308,133.61099848154308,0.0,0.0,450.0,0.9,shoulder,1.0,33.40274962038577
2015-01-01 15:00:00,p10,optimized,133.61099848154308,122.215087759652,0.0,11.395910721891084,411.30602125697305,0.8226120425139462,shoulder,1.0,30.553771939913
2015-01-01 15:00:00,p50,no_storage,252.2298624752465,252.2298624752465,0.0,0.0,250.0,0.5,shoulder,1.0,63.05746561881163
2015-01-01 15:00:00,p50,rule_based,252.2298624752465,252.2298624752465,0.0,0.0,450.0,0.9,shoulder,1.0,63.05746561881163
2015-01-01 15:00:00,p50,optimized,252.2298624752465,223.41449539511711,0.0,28.81536708012939,410.71108805788094,0.8214221761157618,shoulder,1.0,55.85362384877928
2015-01-01 15:00:00,p90,no_storage,307.4173439563017,307.4173439563017,0.0,0.0,250.0,0.5,shoulder,1.0,76.85433598907542
2015-01-01 15:00:00,p90,rule_based,307.4173439563017,307.4173439563017,0.0,0.0,450.0,0.9,shoulder,1.0,76.85433598907542
2015-01-01 15:00:00,p90,optimized,307.4173439563017,283.42498264034356,0.0,23.992361315958135,317.12998125061904,0.6342599625012381,shoulder,1.0,70.85624566008589
2015-01-01 15:15:00,p10,no_storage,109.8682274324524,109.8682274324524,0.0,0.0,250.0,0.5,shoulder,1.0,27.4670568581131
2015-01-01 15:15:00,p10,rule_based,109.8682274324524,109.8682274324524,0.0,0.0,450.0,0.9,shoulder,1.0,27.4670568581131
2015-01-01 15:15:00,p10,optimized,109.8682274324524,122.215087759652,12.346860327199593,0.0,414.2343363009172,0.8284686726018344,shoulder,1.0,30.553771939913
2015-01-01 15:15:00,p50,no_storage,240.15405843528532,240.15405843528532,0.0,0.0,250.0,0.5,shoulder,1.0,60.03851460882133
2015-01-01 15:15:00,p50,rule_based,240.15405843528532,240.15405843528532,0.0,0.0,450.0,0.9,shoulder,1.0,60.03851460882133
2015-01-01 15:15:00,p50,optimized,240.15405843528532,223.41449539511711,0.0,16.739563040168207,406.2998258709722,0.8125996517419444,shoulder,1.0,55.85362384877928
2015-01-01 15:15:00,p90,no_storage,305.639306457558,305.639306457558,0.0,0.0,250.0,0.5,shoulder,1.0,76.4098266143895
2015-01-01 15:15:00,p90,rule_based,305.639306457558,305.639306457558,0.0,0.0,450.0,0.9,shoulder,1.0,76.4098266143895
2015-01-01 15:15:00,p90,optimized,305.639306457558,283.42498264034356,0.0,22.21432381721445,311.27599292204195,0.6225519858440839,shoulder,1.0,70.85624566008589
2015-01-01 15:30:00,p10,no_storage,140.18608285066472,140.18608285066472,0.0,0.0,250.0,0.5,shoulder,1.0,35.04652071266618
2015-01-01 15:30:00,p10,rule_based,140.18608285066472,140.18608285066472,0.0,0.0,450.0,0.9,shoulder,1.0,35.04652071266618
2015-01-01 15:30:00,p10,optimized,140.18608285066472,122.215087759652,0.0,17.970995091012725,409.49856327530847,0.818997126550617,shoulder,1.0,30.553771939913
2015-01-01 15:30:00,p50,no_storage,254.55883459721665,254.55883459721665,0.0,0.0,250.0,0.5,shoulder,1.0,63.63970864930416
2015-01-01 15:30:00,p50,rule_based,254.55883459721665,254.55883459721665,0.0,0.0,450.0,0.9,shoulder,1.0,63.63970864930416
2015-01-01 15:30:00,p50,optimized,254.55883459721665,223.41449539511711,0.0,31.14433920209953,398.0925718626802,0.7961851437253604,shoulder,1.0,55.85362384877928
2015-01-01 15:30:00,p90,no_storage,312.02407361276715,312.02407361276715,0.0,0.0,250.0,0.5,shoulder,1.0,78.00601840319179
2015-01-01 15:30:00,p90,rule_based,312.02407361276715,312.02407361276715,0.0,0.0,450.0,0.9,shoulder,1.0,78.00601840319179
2015-01-01 15:30:00,p90,optimized,312.02407361276715,283.42498264034356,0.0,28.599090972423596,303.739470715107,0.6074789414302141,shoulder,1.0,70.85624566008589
2015-01-01 15:45:00,p10,no_storage,100.85850521099972,100.85850521099972,0.0,0.0,250.0,0.5,shoulder,1.0,25.21462630274993
2015-01-01 15:45:00,p10,rule_based,100.85850521099972,100.85850521099972,0.0,0.0,450.0,0.9,shoulder,1.0,25.21462630274993
2015-01-01 15:45:00,p10,optimized,100.85850521099972,122.215087759652,21.35658254865227,0.0,414.5637215671443,0.8291274431342885,shoulder,1.0,30.553771939913
2015-01-01 15:45:00,p50,no_storage,249.02415597431823,249.02415597431823,0.0,0.0,250.0,0.5,shoulder,1.0,62.25603899357956
2015-01-01 15:45:00,p50,rule_based,249.02415597431823,249.02415597431823,0.0,0.0,450.0,0.9,shoulder,1.0,62.25603899357956
2015-01-01 15:45:00,p50,optimized,249.02415597431823,223.41449539511711,0.0,25.60966057920112,391.3438337348382,0.7826876674696764,shoulder,1.0,55.85362384877928
2015-01-01 15:45:00,p90,no_storage,309.96495808333646,309.96495808333646,0.0,0.0,250.0,0.5,shoulder,1.0,77.49123952083411
2015-01-01 15:45:00,p90,rule_based,309.96495808333646,309.96495808333646,0.0,0.0,450.0,0.9,shoulder,1.0,77.49123952083411
2015-01-01 15:45:00,p90,optimized,309.96495808333646,283.42498264034356,0.0,26.539975442992898,296.7455730947074,0.5934911461894149,shoulder,1.0,70.85624566008589
2015-01-01 16:00:00,p10,no_storage,128.71559973055616,128.71559973055616,0.0,0.0,250.0,0.5,shoulder,1.0,32.17889993263904
2015-01-01 16:00:00,p10,rule_based,128.71559973055616,128.71559973055616,0.0,0.0,450.0,0.9,shoulder,1.0,32.17889993263904
2015-01-01 16:00:00,p10,optimized,128.71559973055616,122.215087759652,0.0,6.500511970904171,412.850686251707,0.8257013725034139,shoulder,1.0,30.553771939913
2015-01-01 16:00:00,p50,no_storage,259.35108382234046,259.35108382234046,0.0,0.0,250.0,0.5,shoulder,1.0,64.83777095558511
2015-01-01 16:00:00,p50,rule_based,259.35108382234046,259.35108382234046,0.0,0.0,450.0,0.9,shoulder,1.0,64.83777095558511
2015-01-01 16:00:00,p50,optimized,259.35108382234046,223.41449539511711,0.0,35.93658842722334,381.8737111709986,0.7637474223419972,shoulder,1.0,55.85362384877928
2015-01-01 16:00:00,p90,no_storage,319.4336888194015,319.4336888194015,0.0,0.0,250.0,0.5,shoulder,1.0,79.85842220485037
2015-01-01 16:00:00,p90,rule_based,319.4336888194015,319.4336888194015,0.0,0.0,450.0,0.9,shoulder,1.0,79.85842220485037
2015-01-01 16:00:00,p90,optimized,319.4336888194015,283.42498264034356,0.0,36.008706179057924,287.2564458345739,0.5745128916691479,shoulder,1.0,70.85624566008589
2015-01-01 16:15:00,p10,no_storage,136.59591759961566,136.59591759961566,0.0,0.0,250.0,0.5,shoulder,1.0,34.148979399903915
2015-01-01 16:15:00,p10,rule_based,136.59591759961566,136.59591759961566,0.0,0.0,450.0,0.9,shoulder,1.0,34.148979399903915
2015-01-01 16:15:00,p10,optimized,136.59591759961566,122.215087759652,0.0,14.380829839963667,409.06100484024034,0.8181220096804807,shoulder,1.0,30.553771939913
2015-01-01 16:15:00,p50,no_storage,257.2265010097558,257.2265010097558,0.0,0.0,250.0,0.5,shoulder,1.0,64.30662525243895
2015-01-01 16:15:00,p50,rule_based,257.2265010097558,257.2265010097558,0.0,0.0,450.0,0.9,shoulder,1.0,64.30662525243895
2015-01-01 16:15:00,p50,optimized,257.2265010097558,223.41449539511711,0.0,33.81200561463868,372.9634653376104,0.7459269306752208,shoulder,1.0,55.85362384877928
2015-01-01 16:15:00,p90,no_storage,319.79271138464765,319.79271138464765,0.0,0.0,250.0,0.5,shoulder,1.0,79.94817784616191
2015-01-01 16:15:00,p90,rule_based,319.79271138464765,319.79271138464765,0.0,0.0,450.0,0.9,shoulder,1.0,79.94817784616191
2015-01-01 16:15:00,p90,optimized,319.79271138464765,283.42498264034356,0.0,36.36772874430409,277.67270782130913,0.5553454156426183,shoulder,1.0,70.85624566008589
2015-01-01 16:30:00,p10,no_storage,164.7906156315431,164.7906156315431,0.0,0.0,250.0,0.5,shoulder,1.0,41.19765390788577
2015-01-01 16:30:00,p10,rule_based,164.7906156315431,164.7906156315431,0.0,0.0,450.0,0.9,shoulder,1.0,41.19765390788577
2015-01-01 16:30:00,p10,optimized,164.7906156315431,122.215087759652,0.0,42.5755278718911,397.8413681186439,0.7956827362372878,shoulder,1.0,30.553771939913
2015-01-01 16:30:00,p50,no_storage,244.2941467055101,244.2941467055101,0.0,0.0,250.0,0.5,shoulder,1.0,61.07353667637752
2015-01-01 16:30:00,p50,rule_based,244.2941467055101,244.2941467055101,0.0,0.0,450.0,0.9,shoulder,1.0,61.07353667637752
2015-01-01 16:30:00,p50,optimized,244.2941467055101,223.41449539511711,0.0,20.879651310392973,367.461194096697,0.734922388193394,shoulder,1.0,55.85362384877928
2015-01-01 16:30:00,p90,no_storage,318.9634577751511,318.9634577751511,0.0,0.0,250.0,0.5,shoulder,1.0,79.74086444378777
2015-01-01 16:30:00,p90,rule_based,318.9634577751511,318.9634577751511,0.0,0.0,450.0,0.9,shoulder,1.0,79.74086444378777
2015-01-01 16:30:00,p90,optimized,318.9634577751511,283.42498264034356,0.0,35.53847513480753,268.3074973217049,0.5366149946434098,shoulder,1.0,70.85624566008589
2015-01-01 16:45:00,p10,no_storage,153.82418776815763,153.82418776815763,0.0,0.0,250.0,0.5,shoulder,1.0,38.45604694203941
2015-01-01 16:45:00,p10,rule_based,153.82418776815763,153.82418776815763,0.0,0.0,450.0,0.9,shoulder,1.0,38.45604694203941
2015-01-01 16:45:00,p10,optimized,153.82418776815763,122.215087759652,0.0,31.609100008505635,389.5116388840669,0.7790232777681337,shoulder,1.0,30.553771939913
2015-01-01 16:45:00,p50,no_storage,250.4154752416713,250.4154752416713,0.0,0.0,250.0,0.5,shoulder,1.0,62.60386881041782
2015-01-01 16:45:00,p50,rule_based,250.4154752416713,250.4154752416713,0.0,0.0,450.0,0.9,shoulder,1.0,62.60386881041782
2015-01-01 16:45:00,p50,optimized,250.4154752416713,223.41449539511711,0.0,27.000979846554173,360.34581114907905,0.7206916222981581,shoulder,1.0,55.85362384877928
2015-01-01 16:45:00,p90,no_storage,323.51757111010284,323.51757111010284,0.0,0.0,250.0,0.5,shoulder,1.0,80.87939277752571
2015-01-01 16:45:00,p90,rule_based,323.51757111010284,323.51757111010284,0.0,0.0,450.0,0.9,shoulder,1.0,80.87939277752571
2015-01-01 16:45:00,p90,optimized,323.51757111010284,283.42498264034356,0.0,40.09258846975928,257.7421725836846,0.5154843451673692,shoulder,1.0,70.85624566008589
2015-01-01 17:00:00,p10,no_storage,126.62849273574614,126.62849273574614,0.0,0.0,250.0,0.5,peak,1.5,47.4856847759048
2015-01-01 17:00:00,p10,rule_based,126.62849273574614,26.62849273574615,0.0,99.99999999999999,423.6476861652635,0.847295372330527,peak,1.5,9.985684775904806
2015-01-01 17:00:00,p10,optimized,126.62849273574614,122.215087759652,0.0,4.413404976094142,388.3486045539687,0.7766972091079374,peak,1.5,45.8306579098695
2015-01-01 17:00:00,p50,no_storage,261.3128666078279,261.3128666078279,0.0,0.0,250.0,0.5,peak,1.5,97.99232497793547
2015-01-01 17:00:00,p50,rule_based,261.3128666078279,161.3128666078279,0.0,99.99999999999999,423.6476861652635,0.847295372330527,peak,1.5,60.49232497793547
2015-01-01 17:00:00,p50,optimized,261.3128666078279,223.41449539511711,0.0,37.8983712127108,350.35871342885207,0.7007174268577041,peak,1.5,83.78043577316892
2015-01-01 17:00:00,p90,no_storage,324.6767293228708,324.6767293228708,0.0,0.0,250.0,0.5,peak,1.5,121.75377349607655
2015-01-01 17:00:00,p90,rule_based,324.6767293228708,224.6767293228708,0.0,99.99999999999999,423.6476861652635,0.847295372330527,peak,1.5,84.25377349607655
2015-01-01 17:00:00,p90,optimized,324.6767293228708,283.42498264034356,0.0,41.251746682527255,246.87138283559443,0.49374276567118885,peak,1.5,106.28436849012883
2015-01-01 17:15:00,p10,no_storage,154.9178193733993,154.9178193733993,0.0,0.0,250.0,0.5,peak,1.5,58.09418226502474
2015-01-01 17:15:00,p10,rule_based,154.9178193733993,54.917819373399325,0.0,99.99999999999999,397.295372330527,0.7945907446610541,peak,1.5,20.59418226502475
2015-01-01 17:15:00,p10,optimized,154.9178193733993,122.215087759652,0.0,32.70273161374732,379.7306780865823,0.7594613561731647,peak,1.5,45.8306579098695
2015-01-01 17:15:00,p50,no_storage,268.54632567530274,268.54632567530274,0.0,0.0,250.0,0.5,peak,1.5,100.70487212823852
2015-01-01 17:15:00,p50,rule_based,268.54632567530274,168.54632567530274,0.0,99.99999999999999,397.295372330527,0.7945907446610541,peak,1.5,63.20487212823853
2015-01-01 17:15:00,p50,optimized,268.54632567530274,223.41449539511711,0.0,45.131830280185625,338.4654318740568,0.6769308637481135,peak,1.5,83.78043577316892
2015-01-01 17:15:00,p90,no_storage,327.53286024423363,327.53286024423363,0.0,0.0,250.0,0.5,peak,1.5,122.8248225915876
2015-01-01 17:15:00,p90,rule_based,327.53286024423363,227.53286024423363,0.0,99.99999999999999,397.295372330527,0.7945907446610541,peak,1.5,85.3248225915876
2015-01-01 17:15:00,p90,optimized,327.53286024423363,283.42498264034356,0.0,44.107877603890074,235.24793650357583,0.4704958730071517,peak,1.5,106.28436849012883
2015-01-01 17:30:00,p10,no_storage,158.15146875641835,158.15146875641835,0.0,0.0,250.0,0.5,peak,1.5,59.30680078365688
2015-01-01 17:30:00,p10,rule_based,158.15146875641835,58.15146875641837,0.0,99.99999999999999,370.9430584957905,0.741886116991581,peak,1.5,21.80680078365689
2015-01-01 17:30:00,p10,optimized,158.15146875641835,122.215087759652,0.0,35.93638099676636,370.26061018546784,0.7405212203709357,peak,1.5,45.8306579098695
2015-01-01 17:30:00,p50,no_storage,258.9050915063028,258.9050915063028,0.0,0.0,250.0,0.5,peak,1.5,97.08940931486356
2015-01-01 17:30:00,p50,rule_based,258.9050915063028,158.90509150630282,0.0,99.99999999999999,370.9430584957905,0.741886116991581,peak,1.5,59.58940931486356
2015-01-01 17:30:00,p50,optimized,258.9050915063028,223.41449539511711,0.0,35.49059611118571,329.1128386050184,0.6582256772100368,peak,1.5,83.78043577316892
2015-01-01 17:30:00,p90,no_storage,323.39098405304003,323.39098405304003,0.0,0.0,250.0,0.5,peak,1.5,121.27161901989001
2015-01-01 17:30:00,p90,rule_based,323.39098405304003,223.39098405304003,0.0,99.99999999999999,370.9430584957905,0.741886116991581,peak,1.5,83.77161901989001
2015-01-01 17:30:00,p90,optimized,323.39098405304003,283.42498264034356,0.0,39.96600141269647,224.71597038410664,0.4494319407682133,peak,1.5,106.28436849012883
2015-01-01 17:45:00,p10,no_storage,170.86815938639282,170.86815938639282,0.0,0.0,250.0,0.5,peak,1.5,64.07555976989731
2015-01-01 17:45:00,p10,rule_based,170.86815938639282,70.86815938639283,0.0,99.99999999999999,344.59074466105403,0.6891814893221081,peak,1.5,26.57555976989731
2015-01-01 17:45:00,p10,optimized,170.86815938639282,122.215087759652,0.0,48.653071626740825,357.43940006015,0.7148788001202999,peak,1.5,45.8306579098695
2015-01-01 17:45:00,p50,no_storage,276.25887011055346,276.25887011055346,0.0,0.0,250.0,0.5,peak,1.5,103.59707629145754
2015-01-01 17:45:00,p50,rule_based,276.25887011055346,176.25887011055346,0.0,99.99999999999999,344.59074466105403,0.6891814893221081,peak,1.5,66.09707629145754
2015-01-01 17:45:00,p50,optimized,276.25887011055346,223.41449539511711,0.0,52.844374715436345,315.18712313600236,0.6303742462720047,peak,1.5,83.78043577316892
2015-01-01 17:45:00,p90,no_storage,327.895824924952,327.895824924952,0.0,0.0,250.0,0.5,peak,1.5,122.96093434685702
2015-01-01 17:45:00,p90,rule_based,327.895824924952,227.89582492495202,0.0,99.99999999999999,344.59074466105403,0.6891814893221081,peak,1.5,85.46093434685702
2015-01-01 17:45:00,p90,optimized,327.895824924952,283.42498264034356,0.0,44.470842284608466,212.9968744603159,0.4259937489206318,peak,1.5,106.28436849012883
2015-01-01 18:00:00,p10,no_storage,148.67372992161413,148.67372992161413,0.0,0.0,250.0,0.5,peak,1.5,55.75264872060529
2015-01-01 18:00:00,p10,rule_based,148.67372992161413,48.67372992161414,0.0,99.99999999999999,318.23843082631754,0.6364768616526351,peak,1.5,18.2526487206053
2015-01-01 18:00:00,p10,optimized,148.67372992161413,122.215087759652,0.0,26.458642161962132,350.46693564121983,0.7009338712824397,peak,1.5,45.8306579098695
2015-01-01 18:00:00,p50,no_storage,275.7433301508227,275.7433301508227,0.0,0.0,250.0,0.5,peak,1.5,103.40374880655853
2015-01-01 18:00:00,p50,rule_based,275.7433301508227,175.74333015082271,0.0,99.99999999999999,318.23843082631754,0.6364768616526351,peak,1.5,65.90374880655853
2015-01-01 18:00:00,p50,optimized,275.7433301508227,223.41449539511711,0.0,52.3288347557056,301.3972643751181,0.6027945287502362,peak,1.5,83.78043577316892
2015-01-01 18:00:00,p90,no_storage,328.6896126591244,328.6896126591244,0.0,0.0,250.0,0.5,peak,1.5,123.25860474717166
2015-01-01 18:00:00,p90,rule_based,328.6896126591244,228.6896126591244,0.0,99.99999999999999,318.23843082631754,0.6364768616526351,peak,1.5,85.75860474717166
2015-01-01 18:00:00,p90,optimized,328.6896126591244,283.42498264034356,0.0,45.26463001878085,201.0685971016344,0.40213719420326877,peak,1.5,106.28436849012883
2015-01-01 18:15:00,p10,no_storage,181.49724861493672,181.49724861493672,0.0,0.0,250.0,0.5,peak,1.5,68.06146823060126
2015-01-01 18:15:00,p10,rule_based,181.49724861493672,81.49724861493674,0.0,99.99999999999999,291.88611699158105,0.5837722339831621,peak,1.5,30.561468230601278
2015-01-01 18:15:00,p10,optimized,181.49724861493672,122.215087759652,0.0,59.28216085528473,334.844714564622,0.669689429129244,peak,1.5,45.8306579098695
2015-01-01 18:15:00,p50,no_storage,278.92401002411555,278.92401002411555,0.0,0.0,250.0,0.5,peak,1.5,104.59650375904333
2015-01-01 18:15:00,p50,rule_based,278.92401002411555,178.92401002411555,0.0,99.99999999999999,291.88611699158105,0.5837722339831621,peak,1.5,67.09650375904333
2015-01-01 18:15:00,p50,optimized,278.92401002411555,223.41449539511711,0.0,55.50951462899843,286.76922287194543,0.5735384457438909,peak,1.5,83.78043577316892
2015-01-01 18:15:00,p90,no_storage,330.1445326093173,330.1445326093173,0.0,0.0,250.0,0.5,peak,1.5,123.80419972849398
2015-01-01 18:15:00,p90,rule_based,330.1445326093173,230.1445326093173,0.0,99.99999999999999,291.88611699158105,0.5837722339831621,peak,1.5,86.30419972849398
2015-01-01 18:15:00,p90,optimized,330.1445326093173,283.42498264034356,0.0,46.71954996897375,188.75691467163392,0.3775138293432678,peak,1.5,106.28436849012883
2015-01-01 18:30:00,p10,no_storage,166.82453242601548,166.82453242601548,0.0,0.0,250.0,0.5,peak,1.5,62.559199659755805
2015-01-01 18:30:00,p10,rule_based,166.82453242601548,66.8245324260155,0.0,99.99999999999999,265.53380315684456,0.5310676063136891,peak,1.5,25.059199659755812
2015-01-01 18:30:00,p10,optimized,166.82453242601548,122.215087759652,0.0,44.60944466636349,323.0890937062086,0.6461781874124172,peak,1.5,45.8306579098695
2015-01-01 18:30:00,p50,no_storage,286.0709080983876,286.0709080983876,0.0,0.0,250.0,0.5,peak,1.5,107.27659053689534
2015-01-01 18:30:00,p50,rule_based,286.0709080983876,186.07090809838758,0.0,99.99999999999999,265.53380315684456,0.5310676063136891,peak,1.5,69.77659053689534
2015-01-01 18:30:00,p50,optimized,286.0709080983876,223.41449539511711,0.0,62.65641270327046,270.25780835879186,0.5405156167175837,peak,1.5,83.78043577316892
2015-01-01 18:30:00,p90,no_storage,334.2645445097123,334.2645445097123,0.0,0.0,250.0,0.5,peak,1.5,125.34920419114212
2015-01-01 18:30:00,p90,rule_based,334.2645445097123,234.26454450971232,0.0,99.99999999999999,265.53380315684456,0.5310676063136891,peak,1.5,87.84920419114212
2015-01-01 18:30:00,p90,optimized,334.2645445097123,283.42498264034356,0.0,50.839561869368765,175.35951377561287,0.35071902755122575,peak,1.5,106.28436849012883
2015-01-01 18:45:00,p10,no_storage,197.60101983680747,197.60101983680747,0.0,0.0,250.0,0.5,peak,1.5,74.1003824388028
2015-01-01 18:45:00,p10,rule_based,197.60101983680747,97.60101983680748,0.0,99.99999999999999,239.18148932210806,0.4783629786442161,peak,1.5,36.600382438802804
2015-01-01 18:45:00,p10,optimized,197.60101983680747,122.215087759652,0.0,75.38593207715547,303.2231562979953,0.6064463125959906,peak,1.5,45.8306579098695
2015-01-01 18:45:00,p50,no_storage,276.1322487449683,276.1322487449683,0.0,0.0,250.0,0.5,peak,1.5,103.54959327936311
2015-01-01 18:45:00,p50,rule_based,276.1322487449683,176.1322487449683,0.0,99.99999999999999,239.18148932210806,0.4783629786442161,peak,1.5,66.04959327936311
2015-01-01 18:45:00,p50,optimized,276.1322487449683,223.41449539511711,0.0,52.71775334985119,256.36546054941675,0.5127309210988336,peak,1.5,83.78043577316892
2015-01-01 18:45:00,p90,no_storage,336.2857800602096,336.2857800602096,0.0,0.0,250.0,0.5,peak,1.5,126.1071675225786
2015-01-01 18:45:00,p90,rule_based,336.2857800602096,236.28578006020962,0.0,99.99999999999999,239.18148932210806,0.4783629786442161,peak,1.5,88.6071675225786
2015-01-01 18:45:00,p90,optimized,336.2857800602096,283.42498264034356,0.0,52.86079741986606,161.42947054398542,0.3228589410879708,peak,1.5,106.28436849012883
2015-01-01 19:00:00,p10,no_storage,195.4470123434182,195.4470123434182,0.0,0.0,250.0,0.5,peak,1.5,73.29262962878182
2015-01-01 19:00:00,p10,rule_based,195.4470123434182,95.44701234341822,0.0,99.99999999999999,212.82917548737157,0.42565835097474314,peak,1.5,35.79262962878183
2015-01-01 19:00:00,p10,optimized,195.4470123434182,122.215087759652,0.0,73.23192458376622,283.92484970446367,0.5678496994089274,peak,1.5,45.8306579098695
2015-01-01 19:00:00,p50,no_storage,284.5452058865711,284.5452058865711,0.0,0.0,250.0,0.5,peak,1.5,106.70445220746417
2015-01-01 19:00:00,p50,rule_based,284.5452058865711,184.54520588657113,0.0,99.99999999999999,212.82917548737157,0.42565835097474314,peak,1.5,69.20445220746417
2015-01-01 19:00:00,p50,optimized,284.5452058865711,223.41449539511711,0.0,61.13071049145401,240.25610387130462,0.4805122077426092,peak,1.5,83.78043577316892
2015-01-01 19:00:00,p90,no_storage,331.07688855377387,331.07688855377387,0.0,0.0,250.0,0.5,peak,1.5,124.1538332076652
2015-01-01 19:00:00,p90,rule_based,331.07688855377387,231.07688855377387,0.0,99.99999999999999,212.82917548737157,0.42565835097474314,peak,1.5,86.6538332076652
2015-01-01 19:00:00,p90,optimized,331.07688855377387,283.42498264034356,0.0,47.65190591343031,148.87209074944485,0.2977441814988897,peak,1.5,106.28436849012883
2015-01-01 19:15:00,p10,no_storage,161.92644429983469,161.92644429983469,0.0,0.0,250.0,0.5,peak,1.5,60.72241661243801
2015-01-01 19:15:00,p10,rule_based,161.92644429983469,61.9264442998347,0.0,99.99999999999999,186.47686165263508,0.37295372330527016,peak,1.5,23.22241661243801
2015-01-01 19:15:00,p10,optimized,161.92644429983469,122.215087759652,0.0,39.71135654018269,273.45998840096354,0.546919976801927,peak,1.5,45.8306579098695
2015-01-01 19:15:00,p50,no_storage,287.598711888844,287.598711888844,0.0,0.0,250.0,0.5,peak,1.5,107.84951695831649
2015-01-01 19:15:00,p50,rule_based,287.598711888844,187.59871188884398,0.0,99.99999999999999,186.47686165263508,0.37295372330527016,peak,1.5,70.34951695831649
2015-01-01 19:15:00,p50,optimized,287.598711888844,223.41449539511711,0.0,64.18421649372686,223.34207770851106,0.4466841554170221,peak,1.5,83.78043577316892
2015-01-01 19:15:00,p90,no_storage,329.96241385438896,329.96241385438896,0.0,0.0,250.0,0.5,peak,1.5,123.73590519539586
2015-01-01 19:15:00,p90,rule_based,329.96241385438896,229.96241385438896,0.0,99.99999999999999,186.47686165263508,0.37295372330527016,peak,1.5,86.23590519539586
2015-01-01 19:15:00,p90,optimized,329.96241385438896,283.42498264034356,0.0,46.5374312140454,136.6084008252949,0.2732168016505898,peak,1.5,106.28436849012883
2015-01-01 19:30:00,p10,no_storage,162.45401600169737,162.45401600169737,0.0,0.0,250.0,0.5,peak,1.5,60.92025600063651
2015-01-01 19:30:00,p10,rule_based,162.45401600169737,62.45401600169738,0.0,99.99999999999999,160.1245478178986,0.3202490956357972,peak,1.5,23.42025600063652
2015-01-01 19:30:00,p10,optimized,162.45401600169737,122.215087759652,0.0,40.238928242045375,262.8560997468853,0.5257121994937707,peak,1.5,45.8306579098695
2015-01-01 19:30:00,p50,no_storage,288.5622185329583,288.5622185329583,0.0,0.0,250.0,0.5,peak,1.5,108.21083194985937
2015-01-01 19:30:00,p50,rule_based,288.5622185329583,188.5622185329583,0.0,99.99999999999999,160.1245478178986,0.3202490956357972,peak,1.5,70.71083194985937
2015-01-01 19:30:00,p50,optimized,288.5622185329583,223.41449539511711,0.0,65.14772313784118,206.17414525104186,0.4123482905020837,peak,1.5,83.78043577316892
2015-01-01 19:30:00,p90,no_storage,326.30928785067505,326.30928785067505,0.0,0.0,250.0,0.5,peak,1.5,122.36598294400315
2015-01-01 19:30:00,p90,rule_based,326.30928785067505,226.30928785067505,0.0,99.99999999999999,160.1245478178986,0.3202490956357972,peak,1.5,84.86598294400315
2015-01-01 19:30:00,p90,optimized,326.30928785067505,283.42498264034356,0.0,42.88430521033149,125.30739413042215,0.2506147882608443,peak,1.5,106.28436849012883
2015-01-01 19:45:00,p10,no_storage,150.14450666176978,150.14450666176978,0.0,0.0,250.0,0.5,peak,1.5,56.304189998163665
2015-01-01 19:45:00,p10,rule_based,150.14450666176978,50.144506661769796,0.0,99.99999999999999,133.7722339831621,0.2675444679663242,peak,1.5,18.80418999816367
2015-01-01 19:45:00,p10,optimized,150.14450666176978,122.215087759652,0.0,27.92941890211779,255.496051625581,0.510992103251162,peak,1.5,45.8306579098695
2015-01-01 19:45:00,p50,no_storage,282.44312156320154,282.44312156320154,0.0,0.0,250.0,0.5,peak,1.5,105.91617058620058
2015-01-01 19:45:00,p50,rule_based,282.44312156320154,182.44312156320154,0.0,99.99999999999999,133.7722339831621,0.2675444679663242,peak,1.5,68.41617058620058
2015-01-01 19:45:00,p50,optimized,282.44312156320154,223.41449539511711,0.0,59.02862616808443,190.61873643089484,0.38123747286178966,peak,1.5,83.78043577316892
2015-01-01 19:45:00,p90,no_storage,324.5935459547008,324.5935459547008,0.0,0.0,250.0,0.5,peak,1.5,121.7225797330128
2015-01-01 19:45:00,p90,rule_based,324.5935459547008,224.5935459547008,0.0,99.99999999999999,133.7722339831621,0.2675444679663242,peak,1.5,84.2225797330128
2015-01-01 19:45:00,p90,optimized,324.5935459547008,283.42498264034356,0.0,41.16856331435724,114.45852512457054,0.22891705024914108,peak,1.5,106.28436849012883
2015-01-01 20:00:00,p10,no_storage,162.23573480767166,162.23573480767166,0.0,0.0,250.0,0.5,peak,1.5,60.83840055287688
2015-01-01 20:00:00,p10,rule_based,162.23573480767166,62.235734807671676,0.0,99.99999999999999,107.4199201484256,0.21483984029685121,peak,1.5,23.338400552876877
2015-01-01 20:00:00,p10,optimized,162.23573480767166,122.215087759652,0.0,40.02064704801967,244.94968511679468,0.48989937023358937,peak,1.5,45.8306579098695
2015-01-01 20:00:00,p50,no_storage,288.04444924035045,288.04444924035045,0.0,0.0,250.0,0.5,peak,1.5,108.01666846513142
2015-01-01 20:00:00,p50,rule_based,288.04444924035045,188.04444924035045,0.0,99.99999999999999,107.4199201484256,0.21483984029685121,peak,1.5,70.51666846513142
2015-01-01 20:00:00,p50,optimized,288.04444924035045,223.41449539511711,0.0,64.62995384523333,173.5872481623535,0.347174496324707,peak,1.5,83.78043577316892
2015-01-01 20:00:00,p90,no_storage,328.9630284563253,328.9630284563253,0.0,0.0,250.0,0.5,peak,1.5,123.36113567112199
2015-01-01 20:00:00,p90,rule_based,328.9630284563253,228.96302845632528,0.0,99.99999999999999,107.4199201484256,0.21483984029685121,peak,1.5,85.86113567112199
2015-01-01 20:00:00,p90,optimized,328.9630284563253,283.42498264034356,0.0,45.53804581598172,102.45819637693683,0.20491639275387366,peak,1.5,106.28436849012883
2015-01-01 20:15:00,p10,no_storage,170.42516490531992,170.42516490531992,0.0,0.0,250.0,0.5,peak,1.5,63.90943683949497
2015-01-01 20:15:00,p10,rule_based,170.42516490531992,70.42516490531993,0.0,99.99999999999999,81.06760631368911,0.16213521262737823,peak,1.5,26.409436839494973
2015-01-01 20:15:00,p10,optimized,170.42516490531992,122.215087759652,0.0,48.210077145667924,232.24521428739973,0.46449042857479944,peak,1.5,45.8306579098695
2015-01-01 20:15:00,p50,no_storage,283.0683708329429,283.0683708329429,0.0,0.0,250.0,0.5,peak,1.5,106.15063906235358
2015-01-01 20:15:00,p50,rule_based,283.0683708329429,183.0683708329429,0.0,99.99999999999999,81.06760631368911,0.16213521262737823,peak,1.5,68.65063906235358
2015-01-01 20:15:00,p50,optimized,283.0683708329429,223.41449539511711,0.0,59.653875437825775,157.8670716923948,0.3157341433847896,peak,1.5,83.78043577316892
2015-01-01 20:15:00,p90,no_storage,329.88785055894647,329.88785055894647,0.0,0.0,250.0,0.5,peak,1.5,123.70794395960493
2015-01-01 20:15:00,p90,rule_based,329.88785055894647,229.88785055894647,0.0,99.99999999999999,81.06760631368911,0.16213521262737823,peak,1.5,86.20794395960493
2015-01-01 20:15:00,p90,optimized,329.88785055894647,283.42498264034356,0.0,46.46286791860291,90.21415560640753,0.18042831121281505,peak,1.5,106.28436849012883
2015-01-01 20:30:00,p10,no_storage,179.6578247479071,179.6578247479071,0.0,0.0,250.0,0.5,peak,1.5,67.37168428046516
2015-01-01 20:30:00,p10,rule_based,179.6578247479071,79.65782474790713,0.0,99.99999999999999,54.71529247895262,0.10943058495790524,peak,1.5,29.871684280465175
2015-01-01 20:30:00,p10,optimized,179.6578247479071,122.215087759652,0.0,57.44273698825512,217.10772396099247,0.43421544792198496,peak,1.5,45.8306579098695
2015-01-01 20:30:00,p50,no_storage,282.52080986692755,282.52080986692755,0.0,0.0,250.0,0.5,peak,1.5,105.94530370009784
2015-01-01 20:30:00,p50,rule_based,282.52080986692755,182.52080986692755,0.0,99.99999999999999,54.71529247895262,0.10943058495790524,peak,1.5,68.44530370009784
2015-01-01 20:30:00,p50,optimized,282.52080986692755,223.41449539511711,0.0,59.106314471810435,142.291190206637,0.284582380413274,peak,1.5,83.78043577316892
2015-01-01 20:30:00,p90,no_storage,314.4817321774811,314.4817321774811,0.0,0.0,250.0,0.5,peak,1.5,117.93064956655542
2015-01-01 20:30:00,p90,rule_based,314.4817321774811,214.4817321774811,0.0,99.99999999999999,54.71529247895262,0.10943058495790524,peak,1.5,80.43064956655542
2015-01-01 20:30:00,p90,optimized,314.4817321774811,283.42498264034356,0.0,31.056749537137534,82.02998350151302,0.16405996700302602,peak,1.5,106.28436849012883
2015-01-01 20:45:00,p10,no_storage,149.33941149073937,149.33941149073937,0.0,0.0,250.0,0.5,peak,1.5,56.00227930902726
2015-01-01 20:45:00,p10,rule_based,149.33941149073937,131.44613460991715,0.0,17.893276880822217,50.0,0.1,peak,1.5,49.29230047871893
2015-01-01 20:45:00,p10,optimized,149.33941149073937,122.215087759652,0.0,27.124323731087372,209.95983704582636,0.4199196740916527,peak,1.5,45.8306579098695
2015-01-01 20:45:00,p50,no_storage,272.03926528072003,272.03926528072003,0.0,0.0,250.0,0.5,peak,1.5,102.01472448027002
2015-01-01 20:45:00,p50,rule_based,272.03926528072003,254.14598839989782,0.0,17.893276880822217,50.0,0.1,peak,1.5,95.30474564996169
2015-01-01 20:45:00,p50,optimized,272.03926528072003,223.41449539511711,0.0,48.624769885602916,129.47743824496445,0.2589548764899289,peak,1.5,83.78043577316892
2015-01-01 20:45:00,p90,no_storage,309.8438460578894,309.8438460578894,0.0,0.0,250.0,0.5,peak,1.5,116.19144227170852
2015-01-01 20:45:00,p90,rule_based,309.8438460578894,291.95056917706717,0.0,17.893276880822217,50.0,0.1,peak,1.5,109.4814634414002
2015-01-01 20:45:00,p90,optimized,309.8438460578894,283.42498264034356,0.0,26.418863417545822,75.06800170215087,0.15013600340430172,peak,1.5,106.28436849012883
2015-01-01 21:00:00,p10,no_storage,158.09138033493826,158.09138033493826,0.0,0.0,250.0,0.5,shoulder,1.0,39.522845083734566
2015-01-01 21:00:00,p10,rule_based,158.09138033493826,158.09138033493826,0.0,0.0,50.0,0.1,shoulder,1.0,39.522845083734566
2015-01-01 21:00:00,p10,optimized,158.09138033493826,122.215087759652,0.0,35.87629257528627,200.5056038341187,0.4010112076682374,shoulder,1.0,30.553771939913
2015-01-01 21:00:00,p50,no_storage,272.5030516151052,272.5030516151052,0.0,0.0,250.0,0.5,shoulder,1.0,68.1257629037763
2015-01-01 21:00:00,p50,rule_based,272.5030516151052,272.5030516151052,0.0,0.0,50.0,0.1,shoulder,1.0,68.1257629037763
2015-01-01 21:00:00,p50,optimized,272.5030516151052,223.41449539511711,0.0,49.08855621998811,116.54146785293216,0.2330829357058643,shoulder,1.0,55.85362384877928
2015-01-01 21:00:00,p90,no_storage,301.13102658920326,301.13102658920326,0.0,0.0,250.0,0.5,shoulder,1.0,75.28275664730081
2015-01-01 21:00:00,p90,rule_based,301.13102658920326,301.13102658920326,0.0,0.0,50.0,0.1,shoulder,1.0,75.28275664730081
2015-01-01 21:00:00,p90,optimized,301.13102658920326,283.42498264034356,0.0,17.7060439488597,70.40204943303098,0.14080409886606196,shoulder,1.0,70.85624566008589
2015-01-01 21:15:00,p10,no_storage,114.12983616493791,114.12983616493791,0.0,0.0,250.0,0.5,shoulder,1.0,28.53245904123448
2015-01-01 21:15:00,p10,rule_based,114.12983616493791,114.12983616493791,0.0,0.0,50.0,0.1,shoulder,1.0,28.53245904123448
2015-01-01 21:15:00,p10,optimized,114.12983616493791,122.215087759652,8.08525159471408,0.0,202.42318962122908,0.40484637924245814,shoulder,1.0,30.553771939913
2015-01-01 21:15:00,p50,no_storage,259.9867393978447,259.9867393978447,0.0,0.0,250.0,0.5,shoulder,1.0,64.99668484946118
2015-01-01 21:15:00,p50,rule_based,259.9867393978447,259.9867393978447,0.0,0.0,50.0,0.1,shoulder,1.0,64.99668484946118
2015-01-01 21:15:00,p50,optimized,259.9867393978447,223.41449539511711,0.0,36.57224400272759,106.90383533692773,0.21380767067385545,shoulder,1.0,55.85362384877928
2015-01-01 21:15:00,p90,no_storage,288.29154109363475,288.29154109363475,0.0,0.0,250.0,0.5,shoulder,1.0,72.07288527340869
2015-01-01 21:15:00,p90,rule_based,288.29154109363475,288.29154109363475,0.0,0.0,50.0,0.1,shoulder,1.0,72.07288527340869
2015-01-01 21:15:00,p90,optimized,288.29154109363475,283.42498264034356,0.0,4.866558453291191,69.11959867646874,0.1382391973529375,shoulder,1.0,70.85624566008589
2015-01-01 21:30:00,p10,no_storage,154.36992504390852,154.36992504390852,0.0,0.0,250.0,0.5,shoulder,1.0,38.59248126097713
2015-01-01 21:30:00,p10,rule_based,154.36992504390852,154.36992504390852,0.0,0.0,50.0,0.1,shoulder,1.0,38.59248126097713
2015-01-01 21:30:00,p10,optimized,154.36992504390852,122.215087759652,0.0,32.15483728425653,193.9496459870329,0.3878992919740658,shoulder,1.0,30.553771939913
2015-01-01 21:30:00,p50,no_storage,246.72699917152352,246.72699917152352,0.0,0.0,250.0,0.5,shoulder,1.0,61.68174979288088
2015-01-01 21:30:00,p50,rule_based,246.72699917152352,246.72699917152352,0.0,0.0,50.0,0.1,shoulder,1.0,61.68174979288088
2015-01-01 21:30:00,p50,optimized,246.72699917152352,223.41449539511711,0.0,23.312503776406402,100.7604511790343,0.2015209023580686,shoulder,1.0,55.85362384877928
2015-01-01 21:30:00,p90,no_storage,280.6627508485293,280.6627508485293,0.0,0.0,250.0,0.5,shoulder,1.0,70.16568771213232
2015-01-01 21:30:00,p90,rule_based,280.6627508485293,280.6627508485293,0.0,0.0,50.0,0.1,shoulder,1.0,70.16568771213232
2015-01-01 21:30:00,p90,optimized,280.6627508485293,283.42498264034356,2.7622317918142585,0.0,69.77471946802837,0.13954943893605673,shoulder,1.0,70.85624566008589
2015-01-01 21:45:00,p10,no_storage,85.17884117925227,85.17884117925227,0.0,0.0,250.0,0.5,shoulder,1.0,21.29471029481307
2015-01-01 21:45:00,p10,rule_based,85.17884117925227,85.17884117925227,0.0,0.0,50.0,0.1,shoulder,1.0,21.29471029481307
2015-01-01 21:45:00,p10,optimized,85.17884117925227,122.215087759652,37.03624658039972,0.0,202.7335631253593,0.40546712625071857,shoulder,1.0,30.553771939913
2015-01-01 21:45:00,p50,no_storage,244.22641573949147,244.22641573949147,0.0,0.0,250.0,0.5,shoulder,1.0,61.05660393487287
2015-01-01 21:45:00,p50,rule_based,244.22641573949147,244.22641573949147,0.0,0.0,50.0,0.1,shoulder,1.0,61.05660393487287
2015-01-01 21:45:00,p50,optimized,244.22641573949147,223.41449539511711,0.0,20.811920344374357,95.2760286148494,0.19055205722969878,shoulder,1.0,55.85362384877928
2015-01-01 21:45:00,p90,no_storage,271.76722290549674,271.76722290549674,0.0,0.0,250.0,0.5,shoulder,1.0,67.94180572637418
2015-01-01 21:45:00,p90,rule_based,271.76722290549674,271.76722290549674,0.0,0.0,50.0,0.1,shoulder,1.0,67.94180572637418
2015-01-01 21:45:00,p90,optimized,271.76722290549674,283.42498264034356,11.65775973484682,0.0,72.53959995631209,0.14507919991262416,shoulder,1.0,70.85624566008589
2015-01-01 22:00:00,p10,no_storage,115.20431539485575,115.20431539485575,0.0,0.0,250.0,0.5,shoulder,1.0,28.80107884871394
2015-01-01 22:00:00,p10,rule_based,115.20431539485575,158.47835810642363,43.27404271156787,0.0,60.26334038989725,0.1205266807797945,shoulder,1.0,39.61958952660591
2015-01-01 22:00:00,p10,optimized,115.20431539485575,122.215087759652,7.010772364796239,0.0,204.39631378758838,0.40879262757517676,shoulder,1.0,30.553771939913
2015-01-01 22:00:00,p50,no_storage,237.67563692415004,237.67563692415004,0.0,0.0,250.0,0.5,shoulder,1.0,59.41890923103751
2015-01-01 22:00:00,p50,rule_based,237.67563692415004,280.9496796357179,43.27404271156787,0.0,60.26334038989725,0.1205266807797945,shoulder,1.0,70.23741990892948
2015-01-01 22:00:00,p50,optimized,237.67563692415004,223.41449539511711,0.0,14.261141529032926,91.51788784270272,0.18303577568540544,shoulder,1.0,55.85362384877928
2015-01-01 22:00:00,p90,no_storage,272.8857351899889,272.8857351899889,0.0,0.0,250.0,0.5,shoulder,1.0,68.22143379749723
2015-01-01 22:00:00,p90,rule_based,272.8857351899889,316.15977790155677,43.27404271156787,0.0,60.26334038989725,0.1205266807797945,shoulder,1.0,79.03994447538919
2015-01-01 22:00:00,p90,optimized,272.8857351899889,283.42498264034356,10.539247450354651,0.0,75.03920196385533,0.15007840392771066,shoulder,1.0,70.85624566008589
2015-01-01 22:15:00,p10,no_storage,108.7886689997592,108.7886689997592,0.0,0.0,250.0,0.5,shoulder,1.0,27.1971672499398
2015-01-01 22:15:00,p10,rule_based,108.7886689997592,208.78866899975918,99.99999999999999,0.0,83.98042284116009,0.16796084568232017,shoulder,1.0,52.197167249939795
2015-01-01 22:15:00,p10,optimized,108.7886689997592,122.215087759652,13.426418759892798,0.0,207.580668595124,0.415161337190248,shoulder,1.0,30.553771939913
2015-01-01 22:15:00,p50,no_storage,212.98586032933397,212.98586032933397,0.0,0.0,250.0,0.5,shoulder,1.0,53.24646508233349
2015-01-01 22:15:00,p50,rule_based,212.98586032933397,312.98586032933395,99.99999999999999,0.0,83.98042284116009,0.16796084568232017,shoulder,1.0,78.24646508233349
2015-01-01 22:15:00,p50,optimized,212.98586032933397,223.41449539511711,10.42863506578314,0.0,93.99125581979581,0.18798251163959162,shoulder,1.0,55.85362384877928
2015-01-01 22:15:00,p90,no_storage,238.22746218332455,238.22746218332455,0.0,0.0,250.0,0.5,shoulder,1.0,59.55686554583114
2015-01-01 22:15:00,p90,rule_based,238.22746218332455,338.2274621833245,99.99999999999999,0.0,83.98042284116009,0.16796084568232017,shoulder,1.0,84.55686554583113
2015-01-01 22:15:00,p90,optimized,238.22746218332455,283.42498264034356,45.19752045701901,0.0,85.75873515657291,0.17151747031314582,shoulder,1.0,70.85624566008589
2015-01-01 22:30:00,p10,no_storage,111.32260593119712,111.32260593119712,0.0,0.0,250.0,0.5,shoulder,1.0,27.83065148279928
2015-01-01 22:30:00,p10,rule_based,111.32260593119712,211.3226059311971,99.99999999999999,0.0,107.69750529242293,0.21539501058484586,shoulder,1.0,52.830651482799276
2015-01-01 22:30:00,p10,optimized,111.32260593119712,122.215087759652,10.892481828454876,0.0,210.16404749136746,0.42032809498273493,shoulder,1.0,30.553771939913
2015-01-01 22:30:00,p50,no_storage,165.62387337913944,165.62387337913944,0.0,0.0,250.0,0.5,shoulder,1.0,41.40596834478486
2015-01-01 22:30:00,p50,rule_based,165.62387337913944,265.6238733791394,99.99999999999999,0.0,107.69750529242293,0.21539501058484586,shoulder,1.0,66.40596834478485
2015-01-01 22:30:00,p50,optimized,165.62387337913944,223.41449539511711,57.790622015977675,0.0,107.69750529242289,0.21539501058484578,shoulder,1.0,55.85362384877928
2015-01-01 22:30:00,p90,no_storage,190.92300571745344,190.92300571745344,0.0,0.0,250.0,0.5,shoulder,1.0,47.73075142936336
2015-01-01 22:30:00,p90,rule_based,190.92300571745344,290.9230057174534,99.99999999999999,0.0,107.69750529242293,0.21539501058484586,shoulder,1.0,72.73075142936335
2015-01-01 22:30:00,p90,optimized,190.92300571745344,283.42498264034356,92.50197692289012,0.0,107.69750529242289,0.21539501058484578,shoulder,1.0,70.85624566008589
2015-01-01 22:45:00,p10,no_storage,99.25849332975967,99.25849332975967,0.0,0.0,250.0,0.5,shoulder,1.0,24.81462333243992
2015-01-01 22:45:00,p10,rule_based,99.25849332975967,199.25849332975972,100.00000000000004,0.0,131.4145877436858,0.26282917548737156,shoulder,1.0,49.81462333243993
2015-01-01 22:45:00,p10,optimized,99.25849332975967,122.215087759652,22.95659442989232,0.0,215.60868192030705,0.4312173638406141,shoulder,1.0,30.553771939913
2015-01-01 22:45:00,p50,no_storage,118.9358870401995,118.9358870401995,0.0,0.0,250.0,0.5,shoulder,1.0,29.733971760049876
2015-01-01 22:45:00,p50,rule_based,118.9358870401995,218.93588704019953,100.00000000000004,0.0,131.4145877436858,0.26282917548737156,shoulder,1.0,54.73397176004988
2015-01-01 22:45:00,p50,optimized,118.9358870401995,218.9358870401995,100.0,0.0,131.41458774368573,0.26282917548737145,shoulder,1.0,54.733971760049876
2015-01-01 22:45:00,p90,no_storage,150.62279866502817,150.62279866502817,0.0,0.0,250.0,0.5,shoulder,1.0,37.65569966625704
2015-01-01 22:45:00,p90,rule_based,150.62279866502817,250.6227986650282,100.00000000000004,0.0,131.4145877436858,0.26282917548737156,shoulder,1.0,62.65569966625705
2015-01-01 22:45:00,p90,optimized,150.62279866502817,250.62279866502817,100.0,0.0,131.41458774368573,0.26282917548737145,shoulder,1.0,62.65569966625704
2015-01-01 23:00:00,p10,no_storage,95.66843461464664,95.66843461464664,0.0,0.0,250.0,0.5,off_peak,0.6,14.350265192196996
2015-01-01 23:00:00,p10,rule_based,95.66843461464664,195.66843461464669,100.00000000000004,0.0,155.13167019494864,0.3102633403898973,off_peak,0.6,29.350265192197
2015-01-01 23:00:00,p10,optimized,95.66843461464664,122.215087759652,26.54665314500535,0.0,221.90477353475876,0.44380954706951753,off_peak,0.6,18.332263163947797
2015-01-01 23:00:00,p50,no_storage,103.4743656931934,103.4743656931934,0.0,0.0,250.0,0.5,off_peak,0.6,15.52115485397901
2015-01-01 23:00:00,p50,rule_based,103.4743656931934,203.47436569319345,100.00000000000004,0.0,155.13167019494864,0.3102633403898973,off_peak,0.6,30.521154853979017
2015-01-01 23:00:00,p50,optimized,103.4743656931934,203.47436569319342,100.0,0.0,155.13167019494858,0.31026334038989717,off_peak,0.6,30.521154853979013
2015-01-01 23:00:00,p90,no_storage,129.1963718661338,129.1963718661338,0.0,0.0,250.0,0.5,off_peak,0.6,19.379455779920068
2015-01-01 23:00:00,p90,rule_based,129.1963718661338,229.19637186613386,100.00000000000004,0.0,155.13167019494864,0.3102633403898973,off_peak,0.6,34.37945577992008
2015-01-01 23:00:00,p90,optimized,129.1963718661338,229.1963718661338,100.0,0.0,155.13167019494858,0.31026334038989717,off_peak,0.6,34.37945577992007
2015-01-01 23:15:00,p10,no_storage,99.59412586710128,99.59412586710128,0.0,0.0,250.0,0.5,off_peak,0.6,14.939118880065191
2015-01-01 23:15:00,p10,rule_based,99.59412586710128,199.59412586710133,100.00000000000004,0.0,178.8487526462115,0.357697505292423,off_peak,0.6,29.939118880065198
2015-01-01 23:15:00,p10,optimized,99.59412586710128,122.215087759652,22.62096189255071,0.0,227.26980571808377,0.45453961143616756,off_peak,0.6,18.332263163947797
2015-01-01 23:15:00,p50,no_storage,102.30073909020686,102.30073909020686,0.0,0.0,250.0,0.5,off_peak,0.6,15.345110863531028
2015-01-01 23:15:00,p50,rule_based,102.30073909020686,202.3007390902069,100.00000000000004,0.0,178.8487526462115,0.357697505292423,off_peak,0.6,30.345110863531033
2015-01-01 23:15:00,p50,optimized,102.30073909020686,202.30073909020686,100.0,0.0,178.84875264621144,0.3576975052924229,off_peak,0.6,30.345110863531026
2015-01-01 23:15:00,p90,no_storage,118.90136855967867,118.90136855967867,0.0,0.0,250.0,0.5,off_peak,0.6,17.8352052839518
2015-01-01 23:15:00,p90,rule_based,118.90136855967867,218.9013685596787,100.00000000000004,0.0,178.8487526462115,0.357697505292423,off_peak,0.6,32.8352052839518
2015-01-01 23:15:00,p90,optimized,118.90136855967867,218.90136855967867,100.0,0.0,178.84875264621144,0.3576975052924229,off_peak,0.6,32.8352052839518
2015-01-01 23:30:00,p10,no_storage,88.46578260743972,88.46578260743972,0.0,0.0,250.0,0.5,off_peak,0.6,13.269867391115957
2015-01-01 23:30:00,p10,rule_based,88.46578260743972,188.46578260743976,100.00000000000004,0.0,202.56583509747435,0.4051316701949487,off_peak,0.6,28.269867391115962
2015-01-01 23:30:00,p10,optimized,88.46578260743972,122.215087759652,33.74930515221227,0.0,235.27415624776225,0.4705483124955245,off_peak,0.6,18.332263163947797
2015-01-01 23:30:00,p50,no_storage,101.45511332684308,101.45511332684308,0.0,0.0,250.0,0.5,off_peak,0.6,15.218266999026461
2015-01-01 23:30:00,p50,rule_based,101.45511332684308,201.4551133268431,100.00000000000004,0.0,202.56583509747435,0.4051316701949487,off_peak,0.6,30.218266999026465
2015-01-01 23:30:00,p50,optimized,101.45511332684308,201.45511332684308,100.0,0.0,202.5658350974743,0.40513167019494856,off_peak,0.6,30.21826699902646
2015-01-01 23:30:00,p90,no_storage,115.35077727649303,115.35077727649303,0.0,0.0,250.0,0.5,off_peak,0.6,17.302616591473953
2015-01-01 23:30:00,p90,rule_based,115.35077727649303,215.3507772764931,100.00000000000004,0.0,202.56583509747435,0.4051316701949487,off_peak,0.6,32.302616591473964
2015-01-01 23:30:00,p90,optimized,115.35077727649303,215.35077727649303,100.0,0.0,202.5658350974743,0.40513167019494856,off_peak,0.6,32.30261659147396
2015-01-01 23:45:00,p10,no_storage,84.78239887736466,84.78239887736466,0.0,0.0,250.0,0.5,off_peak,0.6,12.717359831604698
2015-01-01 23:45:00,p10,rule_based,84.78239887736466,184.7823988773647,100.00000000000004,0.0,226.2829175487372,0.4525658350974744,off_peak,0.6,27.717359831604703
2015-01-01 23:45:00,p10,optimized,84.78239887736466,122.215087759652,37.43268888228734,0.0,244.15209793369903,0.48830419586739804,off_peak,0.6,18.332263163947797
2015-01-01 23:45:00,p50,no_storage,104.83753318317842,104.83753318317842,0.0,0.0,250.0,0.5,off_peak,0.6,15.725629977476762
2015-01-01 23:45:00,p50,rule_based,104.83753318317842,204.83753318317846,100.00000000000004,0.0,226.2829175487372,0.4525658350974744,off_peak,0.6,30.725629977476768
2015-01-01 23:45:00,p50,optimized,104.83753318317842,204.83753318317844,100.0,0.0,226.28291754873715,0.4525658350974743,off_peak,0.6,30.725629977476764
2015-01-01 23:45:00,p90,no_storage,115.10253714237795,115.10253714237795,0.0,0.0,250.0,0.5,off_peak,0.6,17.265380571356694
2015-01-01 23:45:00,p90,rule_based,115.10253714237795,215.102537142378,100.00000000000004,0.0,226.2829175487372,0.4525658350974744,off_peak,0.6,32.2653805713567
2015-01-01 23:45:00,p90,optimized,115.10253714237795,215.10253714237797,100.0,0.0,226.28291754873715,0.4525658350974743,off_peak,0.6,32.265380571356694
2015-01-02 00:00:00,p10,no_storage,97.5581676754972,97.5581676754972,0.0,0.0,250.0,0.5,off_peak,0.6,14.63372515132458
2015-01-02 00:00:00,p10,rule_based,97.5581676754972,197.558167675497,99.9999999999998,0.0,250.0,0.5,off_peak,0.6,29.633725151324548
2015-01-02 00:00:00,p10,optimized,97.5581676754972,122.215087759652,24.65692008415479,0.0,250.0,0.5,off_peak,0.6,18.332263163947797
2015-01-02 00:00:00,p50,no_storage,101.25941919273724,101.25941919273724,0.0,0.0,250.0,0.5,off_peak,0.6,15.188912878910585
2015-01-02 00:00:00,p50,rule_based,101.25941919273724,201.25941919273703,99.9999999999998,0.0,250.0,0.5,off_peak,0.6,30.188912878910553
2015-01-02 00:00:00,p50,optimized,101.25941919273724,201.25941919273725,100.0,0.0,250.0,0.5,off_peak,0.6,30.188912878910585
2015-01-02 00:00:00,p90,no_storage,117.67837945403328,117.67837945403328,0.0,0.0,250.0,0.5,off_peak,0.6,17.65175691810499
2015-01-02 00:00:00,p90,rule_based,117.67837945403328,217.67837945403306,99.9999999999998,0.0,250.0,0.5,off_peak,0.6,32.65175691810496
2015-01-02 00:00:00,p90,optimized,117.67837945403328,217.6783794540333,100.0,0.0,250.0,0.5,off_peak,0.6,32.651756918104994
